{
	"SIFT 30 descriptors": 5.022180080413818,
	"SIFT 100 descriptors": 5.5388054847717285,
	"SIFT 200 descriptors": 4.746600866317749,
	"SIFT 300 descriptors": 4.78715705871582,
	"ORB 30 descriptors": 1.2199954986572266,
	"ORB 100 descriptors": 1.245985507965088,
	"ORB 200 descriptors": 1.283898115158081,
	"ORB 300 descriptors": 1.3157603740692139,
	"FAST + DAISY 30 descriptors": 5.575307607650757,
	"FAST + DAISY 100 descriptors": 5.525528192520142,
	"FAST + DAISY 200 descriptors": 5.200373649597168,
	"FAST + DAISY 300 descriptors": 5.218046188354492,
	"FAST + LATCH 30 descriptors": 1.3704502582550049,
	"FAST + LATCH 100 descriptors": 1.8069472312927246,
	"FAST + LATCH 200 descriptors": 2.4182214736938477,
	"FAST + LATCH 300 descriptors": 3.0135281085968018
}