{
	"SimCLR v2 ResNet101 2x raw features cosine": {
		"Threshold 0.000": {
			"accuracy": 0.49996551724137933,
			"precision": 0.4936708860759494,
			"recall": 0.0026896551724137933,
			"fpr": 0.002758620689655172
		},
		"Threshold 0.024": {
			"accuracy": 0.5016551724137931,
			"precision": 0.5016356015947115,
			"recall": 0.5076379310344827,
			"fpr": 0.5043275862068965
		},
		"Threshold 0.047": {
			"accuracy": 0.5026293103448276,
			"precision": 0.502141884015225,
			"recall": 0.6164137931034482,
			"fpr": 0.6111551724137931
		},
		"Threshold 0.071": {
			"accuracy": 0.5022241379310345,
			"precision": 0.5016082782695425,
			"recall": 0.6936896551724138,
			"fpr": 0.6892413793103448
		},
		"Threshold 0.095": {
			"accuracy": 0.5026551724137931,
			"precision": 0.5017502784533903,
			"recall": 0.7611551724137932,
			"fpr": 0.7558448275862069
		},
		"Threshold 0.118": {
			"accuracy": 0.5028706896551725,
			"precision": 0.5017559401398425,
			"recall": 0.8202931034482759,
			"fpr": 0.8145517241379311
		},
		"Threshold 0.142": {
			"accuracy": 0.5029482758620689,
			"precision": 0.5017004435074879,
			"recall": 0.8698620689655172,
			"fpr": 0.8639655172413793
		},
		"Threshold 0.166": {
			"accuracy": 0.5029137931034483,
			"precision": 0.5016025033187939,
			"recall": 0.912051724137931,
			"fpr": 0.9062241379310345
		},
		"Threshold 0.189": {
			"accuracy": 0.5027068965517242,
			"precision": 0.5014354416954669,
			"recall": 0.9455862068965517,
			"fpr": 0.9401724137931035
		},
		"Threshold 0.213": {
			"accuracy": 0.5019396551724138,
			"precision": 0.5010025576359245,
			"recall": 0.9692931034482759,
			"fpr": 0.9654137931034483
		},
		"Threshold 0.237": {
			"accuracy": 0.5011551724137931,
			"precision": 0.500587585287566,
			"recall": 0.9841379310344828,
			"fpr": 0.9818275862068966
		},
		"Threshold 0.261": {
			"accuracy": 0.5007844827586206,
			"precision": 0.5003953874362383,
			"recall": 0.9928275862068966,
			"fpr": 0.9912586206896552
		},
		"Threshold 0.284": {
			"accuracy": 0.5002155172413794,
			"precision": 0.5001080539059326,
			"recall": 0.9974827586206897,
			"fpr": 0.9970517241379311
		},
		"Threshold 0.308": {
			"accuracy": 0.5000344827586207,
			"precision": 0.5000172485166275,
			"recall": 0.9996206896551724,
			"fpr": 0.999551724137931
		},
		"Threshold 0.332": {
			"accuracy": 0.5000172413793104,
			"precision": 0.5000086208382903,
			"recall": 1.0,
			"fpr": 0.9999655172413793
		},
		"Threshold 0.355": {
			"accuracy": 0.5,
			"precision": 0.5,
			"recall": 1.0,
			"fpr": 1.0
		},
		"Threshold 0.379": {
			"accuracy": 0.5,
			"precision": 0.5,
			"recall": 1.0,
			"fpr": 1.0
		},
		"Threshold 0.403": {
			"accuracy": 0.5,
			"precision": 0.5,
			"recall": 1.0,
			"fpr": 1.0
		},
		"Threshold 0.426": {
			"accuracy": 0.5,
			"precision": 0.5,
			"recall": 1.0,
			"fpr": 1.0
		},
		"Threshold 0.450": {
			"accuracy": 0.5,
			"precision": 0.5,
			"recall": 1.0,
			"fpr": 1.0
		}
	},
	"SimCLR v2 ResNet101 2x raw features L1": {
		"Threshold 80.000": {
			"accuracy": 0.5015775862068965,
			"precision": 0.5010460848986498,
			"recall": 0.7556206896551724,
			"fpr": 0.7524655172413793
		},
		"Threshold 88.947": {
			"accuracy": 0.5015431034482759,
			"precision": 0.500956738324051,
			"recall": 0.8079827586206897,
			"fpr": 0.8048965517241379
		},
		"Threshold 97.895": {
			"accuracy": 0.5008706896551725,
			"precision": 0.5005109112430824,
			"recall": 0.8529655172413793,
			"fpr": 0.8512241379310345
		},
		"Threshold 106.842": {
			"accuracy": 0.5010086206896551,
			"precision": 0.5005657038419511,
			"recall": 0.8924827586206897,
			"fpr": 0.8904655172413793
		},
		"Threshold 115.789": {
			"accuracy": 0.5005,
			"precision": 0.5002704366152526,
			"recall": 0.9249310344827586,
			"fpr": 0.9239310344827586
		},
		"Threshold 124.737": {
			"accuracy": 0.5002327586206896,
			"precision": 0.5001226280554824,
			"recall": 0.9492758620689655,
			"fpr": 0.9488103448275862
		},
		"Threshold 133.684": {
			"accuracy": 0.5001465517241379,
			"precision": 0.5000758705024413,
			"recall": 0.965948275862069,
			"fpr": 0.9656551724137931
		},
		"Threshold 142.632": {
			"accuracy": 0.5000517241379311,
			"precision": 0.500026438706266,
			"recall": 0.9782413793103448,
			"fpr": 0.9781379310344828
		},
		"Threshold 151.579": {
			"accuracy": 0.5,
			"precision": 0.5,
			"recall": 0.9870517241379311,
			"fpr": 0.9870517241379311
		},
		"Threshold 160.526": {
			"accuracy": 0.4999396551724138,
			"precision": 0.49996961409905805,
			"recall": 0.9929137931034483,
			"fpr": 0.9930344827586207
		},
		"Threshold 169.474": {
			"accuracy": 0.5001810344827586,
			"precision": 0.5000908249500463,
			"recall": 0.9967931034482759,
			"fpr": 0.9964310344827586
		},
		"Threshold 178.421": {
			"accuracy": 0.5001379310344828,
			"precision": 0.5000690643507087,
			"recall": 0.9987068965517242,
			"fpr": 0.9984310344827586
		},
		"Threshold 187.368": {
			"accuracy": 0.5001637931034483,
			"precision": 0.5000819452950462,
			"recall": 0.9995689655172414,
			"fpr": 0.9992413793103448
		},
		"Threshold 196.316": {
			"accuracy": 0.5000517241379311,
			"precision": 0.5000258687591619,
			"recall": 0.9997931034482759,
			"fpr": 0.9996896551724138
		},
		"Threshold 205.263": {
			"accuracy": 0.5000948275862069,
			"precision": 0.500047420742695,
			"recall": 0.9999482758620689,
			"fpr": 0.9997586206896552
		},
		"Threshold 214.211": {
			"accuracy": 0.5000603448275862,
			"precision": 0.5000301742346521,
			"recall": 1.0,
			"fpr": 0.9998793103448276
		},
		"Threshold 223.158": {
			"accuracy": 0.5000172413793104,
			"precision": 0.5000086208382903,
			"recall": 1.0,
			"fpr": 0.9999655172413793
		},
		"Threshold 232.105": {
			"accuracy": 0.5000086206896551,
			"precision": 0.500004310381986,
			"recall": 1.0,
			"fpr": 0.9999827586206896
		},
		"Threshold 241.053": {
			"accuracy": 0.5,
			"precision": 0.5,
			"recall": 1.0,
			"fpr": 1.0
		},
		"Threshold 250.000": {
			"accuracy": 0.5,
			"precision": 0.5,
			"recall": 1.0,
			"fpr": 1.0
		}
	},
	"SimCLR v2 ResNet101 2x raw features L2": {
		"Threshold 3.000": {
			"accuracy": 0.5008793103448276,
			"precision": 0.5007251734728699,
			"recall": 0.6071551724137931,
			"fpr": 0.605396551724138
		},
		"Threshold 3.474": {
			"accuracy": 0.5016379310344827,
			"precision": 0.5012426422498365,
			"recall": 0.6606896551724138,
			"fpr": 0.6574137931034483
		},
		"Threshold 3.947": {
			"accuracy": 0.5008189655172414,
			"precision": 0.5005753879326009,
			"recall": 0.7124827586206897,
			"fpr": 0.7108448275862069
		},
		"Threshold 4.421": {
			"accuracy": 0.5017413793103448,
			"precision": 0.5011354438348773,
			"recall": 0.7685689655172414,
			"fpr": 0.7650862068965517
		},
		"Threshold 4.895": {
			"accuracy": 0.5019396551724138,
			"precision": 0.5011846968755594,
			"recall": 0.8205689655172413,
			"fpr": 0.8166896551724138
		},
		"Threshold 5.368": {
			"accuracy": 0.501353448275862,
			"precision": 0.5007805896683737,
			"recall": 0.8682931034482758,
			"fpr": 0.8655862068965517
		},
		"Threshold 5.842": {
			"accuracy": 0.5010431034482759,
			"precision": 0.5005730849018177,
			"recall": 0.9111206896551725,
			"fpr": 0.9090344827586206
		},
		"Threshold 6.316": {
			"accuracy": 0.5009137931034483,
			"precision": 0.5004829421198426,
			"recall": 0.9469827586206897,
			"fpr": 0.9451551724137931
		},
		"Threshold 6.789": {
			"accuracy": 0.5005689655172414,
			"precision": 0.500292299243565,
			"recall": 0.9738275862068966,
			"fpr": 0.9726896551724138
		},
		"Threshold 7.263": {
			"accuracy": 0.5002327586206896,
			"precision": 0.5001176603885408,
			"recall": 0.9893448275862069,
			"fpr": 0.9888793103448276
		},
		"Threshold 7.737": {
			"accuracy": 0.49969827586206894,
			"precision": 0.499848546478922,
			"recall": 0.9957931034482759,
			"fpr": 0.9963965517241379
		},
		"Threshold 8.211": {
			"accuracy": 0.49982758620689655,
			"precision": 0.49991366807099935,
			"recall": 0.9983793103448276,