{
	"ORB 40 descriptors": 2.047628879547119,
	"ORB 40 descriptors, cutoff 5": 1.5227994918823242,
	"ORB 40 descriptors, cutoff 10": 1.4642937183380127
}