{
	"ORB 40 descriptors": 94.73903110027312,
	"ORB 40 descriptors, cutoff 5": 95.24977357387542,
	"ORB 40 descriptors, cutoff 10": 95.16435079574585
}