{
	"Ahash 64 bits": 254.04237055778503,
	"Phash 64 bits": 227.4283103942871,
	"Dhash 64 bits": 217.2660744190216,
	"Whash 64 bits": 451.8795790672302
}