{
	"Ahash 64 bits": {
		"Threshold 0.000": {
			"accuracy": 0.7516206896551724,
			"precision": 0.986499099939996,
			"recall": 0.5102241379310345,
			"fpr": 0.006982758620689655
		},
		"Threshold 0.021": {
			"accuracy": 0.8088189655172414,
			"precision": 0.9703526693101546,
			"recall": 0.6371034482758621,
			"fpr": 0.01946551724137931
		},
		"Threshold 0.042": {
			"accuracy": 0.827948275862069,
			"precision": 0.9478901761326175,
			"recall": 0.694051724137931,
			"fpr": 0.038155172413793105
		},
		"Threshold 0.063": {
			"accuracy": 0.8179741379310345,
			"precision": 0.8580164230388445,
			"recall": 0.762051724137931,
			"fpr": 0.12610344827586206
		},
		"Threshold 0.084": {
			"accuracy": 0.7917327586206897,
			"precision": 0.7905355517780182,
			"recall": 0.7937931034482759,
			"fpr": 0.21032758620689654
		},
		"Threshold 0.105": {
			"accuracy": 0.7597586206896552,
			"precision": 0.7286329974505281,
			"recall": 0.8278275862068966,
			"fpr": 0.3083103448275862
		},
		"Threshold 0.126": {
			"accuracy": 0.6880431034482759,
			"precision": 0.6339552192977069,
			"recall": 0.8899310344827587,
			"fpr": 0.5138448275862069
		},
		"Threshold 0.147": {
			"accuracy": 0.642094827586207,
			"precision": 0.5917261182650893,
			"recall": 0.9166551724137931,
			"fpr": 0.6324655172413793
		},
		"Threshold 0.168": {
			"accuracy": 0.6047241379310345,
			"precision": 0.5627440447906121,
			"recall": 0.9392586206896552,
			"fpr": 0.7298103448275862
		},
		"Threshold 0.189": {
			"accuracy": 0.5449396551724138,
			"precision": 0.5241608809706992,
			"recall": 0.974948275862069,
			"fpr": 0.8850689655172413
		},
		"Threshold 0.211": {
			"accuracy": 0.5266120689655173,
			"precision": 0.5138588347265495,
			"recall": 0.9867241379310345,
			"fpr": 0.9335
		},
		"Threshold 0.232": {
			"accuracy": 0.5133706896551724,
			"precision": 0.5068156051431233,
			"recall": 0.9942586206896552,
			"fpr": 0.9675172413793104
		},
		"Threshold 0.253": {
			"accuracy": 0.5013793103448276,
			"precision": 0.5006908940168578,
			"recall": 0.9995862068965518,
			"fpr": 0.9968275862068966
		},
		"Threshold 0.274": {
			"accuracy": 0.50025,
			"precision": 0.5001250463533896,
			"recall": 0.9998793103448276,
			"fpr": 0.9993793103448276
		},
		"Threshold 0.295": {
			"accuracy": 0.5000086206896551,
			"precision": 0.5000043104563049,
			"recall": 0.9999827586206896,
			"fpr": 0.9999655172413793
		},
		"Threshold 0.316": {
			"accuracy": 0.5,
			"precision": 0.5,
			"recall": 1.0,
			"fpr": 1.0
		},
		"Threshold 0.337": {
			"accuracy": 0.5,
			"precision": 0.5,
			"recall": 1.0,
			"fpr": 1.0
		},
		"Threshold 0.358": {
			"accuracy": 0.5,
			"precision": 0.5,
			"recall": 1.0,
			"fpr": 1.0
		},
		"Threshold 0.379": {
			"accuracy": 0.5,
			"precision": 0.5,
			"recall": 1.0,
			"fpr": 1.0
		},
		"Threshold 0.400": {
			"accuracy": 0.5,
			"precision": 0.5,
			"recall": 1.0,
			"fpr": 1.0
		}
	},
	"Phash 64 bits": {
		"Threshold 0.100": {
			"accuracy": 0.8629137931034483,
			"precision": 0.9989569999525909,
			"recall": 0.7265862068965517,
			"fpr": 0.0007586206896551724
		},
		"Threshold 0.116": {
			"accuracy": 0.8629137931034483,
			"precision": 0.9989569999525909,
			"recall": 0.7265862068965517,
			"fpr": 0.0007586206896551724
		},
		"Threshold 0.132": {
			"accuracy": 0.8791379310344828,
			"precision": 0.9971738638932851,
			"recall": 0.7604310344827586,
			"fpr": 0.0021551724137931034
		},
		"Threshold 0.147": {
			"accuracy": 0.8791379310344828,
			"precision": 0.9971738638932851,
			"recall": 0.7604310344827586,
			"fpr": 0.0021551724137931034
		},
		"Threshold 0.163": {
			"accuracy": 0.8845086206896552,
			"precision": 0.9737440254912374,
			"recall": 0.7903275862068966,
			"fpr": 0.021310344827586206
		},
		"Threshold 0.179": {
			"accuracy": 0.8845086206896552,
			"precision": 0.9737440254912374,
			"recall": 0.7903275862068966,
			"fpr": 0.021310344827586206
		},
		"Threshold 0.195": {
			"accuracy": 0.8538275862068966,
			"precision": 0.8724230545876888,
			"recall": 0.8288620689655173,
			"fpr": 0.12120689655172413
		},
		"Threshold 0.211": {
			"accuracy": 0.8538275862068966,
			"precision": 0.8724230545876888,
			"recall": 0.8288620689655173,
			"fpr": 0.12120689655172413
		},
		"Threshold 0.226": {
			"accuracy": 0.6940948275862069,
			"precision": 0.6333906037087506,
			"recall": 0.9216379310344828,
			"fpr": 0.533448275862069
		},
		"Threshold 0.242": {
			"accuracy": 0.6940948275862069,
			"precision": 0.6333906037087506,
			"recall": 0.9216379310344828,
			"fpr": 0.533448275862069
		},
		"Threshold 0.258": {
			"accuracy": 0.5115603448275862,
			"precision": 0.5058672196991574,
			"recall": 0.9967241379310345,
			"fpr": 0.9736034482758621
		},
		"Threshold 0.274": {
			"accuracy": 0.5115603448275862,
			"precision": 0.5058672196991574,
			"recall": 0.9967241379310345,
			"fpr": 0.9736034482758621
		},
		"Threshold 0.289": {
			"accuracy": 0.5,
			"precision": 0.5,
			"recall": 1.0,
			"fpr": 1.0
		},
		"Threshold 0.305": {
			"accuracy": 0.5,
			"precision": 0.5,
			"recall": 1.0,
			"fpr": 1.0
		},
		"Threshold 0.321": {
			"accuracy": 0.5,
			"precision": 0.5,
			"recall": 1.0,
			"fpr": 1.0
		},
		"Threshold 0.337": {
			"accuracy": 0.5,
			"precision": 0.5,
			"recall": 1.0,
			"fpr": 1.0
		},
		"Threshold 0.353": {
			"accuracy": 0.5,
			"precision": 0.5,
			"recall": 1.0,
			"fpr": 1.0
		},
		"Threshold 0.368": {
			"accuracy": 0.5,
			"precision": 0.5,
			"recall": 1.0,
			"fpr": 1.0
		},
		"Threshold 0.384": {
			"accuracy": 0.5,
			"precision": 0.5,
			"recall": 1.0,
			"fpr": 1.0
		},
		"Threshold 0.400": {
			"accuracy": 0.5,
			"precision": 0.5,
			"recall": 1.0,
			"fpr": 1.0
		}
	},
	"Dhash 64 bits": {
		"Threshold 0.050": {
			"accuracy": 0.8374913793103448,
			"precision": 0.9981929704003462,
			"recall": 0.6762068965517242,
			"fpr": 0.0012241379310344827
		},
		"Threshold 0.068": {
			"accuracy": 0.8550258620689655,
			"precision": 0.9976797583081571,
			"recall": 0.7117068965517241,
			"fpr": 0.0016551724137931034
		},
		"Threshold 0.087": {
			"accuracy": 0.8676724137931034,
			"precision": 0.9946648109487358,
			"recall": 0.7393103448275862,
			"fpr": 0.003965517241379311
		},
		"Threshold 0.105": {
			"accuracy": 0.8766896551724138,
			"precision": 0.9908559874185576,
			"recall": 0.7603965517241379,
			"fpr": 0.007017241379310345
		},
		"Threshold 0.124": {
			"accuracy": 0.8826724137931035,
			"precision": 0.9851154047910474,
			"recall": 0.7770862068965517,
			"fpr": 0.011741379310344828
		},
		"Threshold 0.142": {
			"accuracy": 0.8828706896551725,
			"precision": 0.9521327496691439,
			"recall": 0.8062758620689655,
			"fpr": 0.04053448275862069
		},
		"Threshold 0.161": {
			"accuracy": 0.8739310344827587,
			"precision": 0.9161166538756715,
			"recall": 0.8232413793103448,
			"fpr": 0.07537931034482759
		},
		"Threshold 0.179": {
			"accuracy": 0.8541724137931035,
			"precision": 0.8596414440281522,
			"recall": 0.8465689655172414,
			"fpr": 0.1382241379310345
		},
		"Threshold 0.197": {
			"accuracy": 0.8143534482758621,
			"precision": 0.7798670698573994,
			"recall": 0.8759655172413793,
			"fpr": 0.24725862068965518
		},
		"Threshold 0.216": {
			"accuracy": 0.7478706896551724,
			"precision": 0.6857500936728814,
			"recall": 0.9150862068965517,
			"fpr": 0.4193448275862069
		},
		"Threshold 0.234": {
			"accuracy": 0.663,
			"precision": 0.6031127980280523,
			"recall": 0.953396551724138,
			"fpr": 0.6273965517241379
		},
		"Threshold 0.253": {
			"accuracy": 0.5203103448275862,
			"precision": 0.510410590876151,
			"recall": 0.9957758620689655,
			"fpr": 0.9551551724137931
		},
		"Threshold 0.271": {
			"accuracy": 0.5022241379310345,
			"precision": 0.5011149139182742,
			"recall": 0.9996724137931035,
			"fpr": 0.9952241379310345
		},
		"Threshold 0.289": {
			"accuracy": 0.5000344827586207,
			"precision": 0.500017242271152,
			"recall": 0.9999827586206896,
			"fpr": 0.9999137931034483
		},