{
	"Ahash 64 bits": 1.1855826377868652,
	"Phash 64 bits": 0.9345970153808594,
	"Dhash 64 bits": 0.7902252674102783,
	"Whash 64 bits": 1.9356060028076172,
	"Crop resistant hash 64 bits": 62.73291778564453,
	"Inception v3 raw features cosine": 4.905497074127197,
	"Inception v3 raw features Jensen-Shannon": 1.9338791370391846,
	"SimCLR v1 ResNet50 2x raw features cosine": 1.7759382724761963,
	"SimCLR v1 ResNet50 2x raw features Jensen-Shannon": 1.7893397808074951
}