{
	"ResNet50 2x raw features Jensen-Shannon": 207.47471404075623,
	"ResNet101 2x raw features Jensen-Shannon": 203.15832567214966,
	"SimCLR v1 ResNet50 2x raw features Jensen-Shannon": 209.83026909828186
}