{
	"ResNet50 2x raw features Jensen-Shannon": {
		"Threshold 0.200": {
			"accuracy": 0.8006724137931035,
			"precision": 0.9979441493918109,
			"recall": 0.6025862068965517,
			"fpr": 0.0012413793103448277
		},
		"Threshold 0.221": {
			"accuracy": 0.8322672413793103,
			"precision": 0.9958319396917694,
			"recall": 0.6673275862068966,
			"fpr": 0.002793103448275862
		},
		"Threshold 0.242": {
			"accuracy": 0.8596120689655172,
			"precision": 0.9895552165238821,
			"recall": 0.7268965517241379,
			"fpr": 0.007672413793103449
		},
		"Threshold 0.263": {
			"accuracy": 0.8783620689655173,
			"precision": 0.969733293377285,
			"recall": 0.7811034482758621,
			"fpr": 0.024379310344827588
		},
		"Threshold 0.284": {
			"accuracy": 0.8768706896551725,
			"precision": 0.9164396349711368,
			"recall": 0.8293620689655172,
			"fpr": 0.07562068965517241
		},
		"Threshold 0.305": {
			"accuracy": 0.8464224137931035,
			"precision": 0.8291316526610645,
			"recall": 0.8726896551724138,
			"fpr": 0.1798448275862069
		},
		"Threshold 0.326": {
			"accuracy": 0.7876293103448276,
			"precision": 0.7315309563793319,
			"recall": 0.9087758620689655,
			"fpr": 0.3335172413793103
		},
		"Threshold 0.347": {
			"accuracy": 0.7002672413793103,
			"precision": 0.6354593056478792,
			"recall": 0.9394827586206896,
			"fpr": 0.538948275862069
		},
		"Threshold 0.368": {
			"accuracy": 0.6069655172413793,
			"precision": 0.5624710502467023,
			"recall": 0.9630862068965518,
			"fpr": 0.7491551724137931
		},
		"Threshold 0.389": {
			"accuracy": 0.5423275862068966,
			"precision": 0.5225262423842032,
			"recall": 0.981844827586207,
			"fpr": 0.8971896551724138
		},
		"Threshold 0.411": {
			"accuracy": 0.5119913793103448,
			"precision": 0.5061142319627959,
			"recall": 0.9926034482758621,
			"fpr": 0.9686206896551725
		},
		"Threshold 0.432": {
			"accuracy": 0.5027327586206897,
			"precision": 0.5013740669781797,
			"recall": 0.9971379310344828,
			"fpr": 0.9916724137931034
		},
		"Threshold 0.453": {
			"accuracy": 0.5004310344827586,
			"precision": 0.5002158931933194,
			"recall": 0.9986896551724138,
			"fpr": 0.9978275862068966
		},
		"Threshold 0.474": {
			"accuracy": 0.49996551724137933,
			"precision": 0.49998274910295337,
			"recall": 0.9994137931034482,
			"fpr": 0.9994827586206897
		},
		"Threshold 0.495": {
			"accuracy": 0.5000517241379311,
			"precision": 0.500025866974771,
			"recall": 0.9998620689655172,
			"fpr": 0.9997586206896552
		},
		"Threshold 0.516": {
			"accuracy": 0.5000517241379311,
			"precision": 0.5000258638526794,
			"recall": 0.9999827586206896,
			"fpr": 0.9998793103448276
		},
		"Threshold 0.537": {
			"accuracy": 0.5000431034482758,
			"precision": 0.5000215526531316,
			"recall": 1.0,
			"fpr": 0.9999137931034483
		},
		"Threshold 0.558": {
			"accuracy": 0.5000344827586207,
			"precision": 0.5000172419738612,
			"recall": 1.0,
			"fpr": 0.9999310344827587
		},
		"Threshold 0.579": {
			"accuracy": 0.5000172413793104,
			"precision": 0.5000086208382903,
			"recall": 1.0,
			"fpr": 0.9999655172413793
		},
		"Threshold 0.600": {
			"accuracy": 0.5000086206896551,
			"precision": 0.500004310381986,
			"recall": 1.0,
			"fpr": 0.9999827586206896
		}
	},
	"ResNet101 2x raw features Jensen-Shannon": {
		"Threshold 0.200": {
			"accuracy": 0.8005172413793104,
			"precision": 0.9985127559775769,
			"recall": 0.6019310344827586,
			"fpr": 0.000896551724137931
		},
		"Threshold 0.221": {
			"accuracy": 0.8334482758620689,
			"precision": 0.997172236503856,
			"recall": 0.6687931034482759,
			"fpr": 0.001896551724137931
		},
		"Threshold 0.242": {
			"accuracy": 0.8623103448275862,
			"precision": 0.9906832298136646,
			"recall": 0.7315,
			"fpr": 0.006879310344827586
		},
		"Threshold 0.263": {
			"accuracy": 0.882801724137931,
			"precision": 0.9731486414491209,
			"recall": 0.7873275862068966,
			"fpr": 0.021724137931034483
		},
		"Threshold 0.284": {
			"accuracy": 0.8845948275862069,
			"precision": 0.92387648456057,
			"recall": 0.8382586206896552,
			"fpr": 0.06906896551724138
		},
		"Threshold 0.305": {
			"accuracy": 0.8548189655172413,
			"precision": 0.8371974898002654,
			"recall": 0.8809482758620689,
			"fpr": 0.1713103448275862
		},
		"Threshold 0.326": {
			"accuracy": 0.7938362068965518,
			"precision": 0.736153643632131,
			"recall": 0.9159655172413793,
			"fpr": 0.32829310344827584
		},
		"Threshold 0.347": {
			"accuracy": 0.7076206896551724,
			"precision": 0.641169023000633,
			"recall": 0.9429827586206897,
			"fpr": 0.5277413793103448
		},
		"Threshold 0.368": {
			"accuracy": 0.6130603448275862,
			"precision": 0.5662059426332953,
			"recall": 0.9669137931034483,
			"fpr": 0.7407931034482759
		},
		"Threshold 0.389": {
			"accuracy": 0.5451551724137931,
			"precision": 0.5240482618037574,
			"recall": 0.984,
			"fpr": 0.8936896551724138
		},
		"Threshold 0.411": {
			"accuracy": 0.5135431034482759,
			"precision": 0.5069081059213593,
			"recall": 0.9937758620689655,
			"fpr": 0.9666896551724138
		},
		"Threshold 0.432": {
			"accuracy": 0.5036379310344827,
			"precision": 0.5018300404170064,
			"recall": 0.9975862068965518,
			"fpr": 0.9903103448275862
		},
		"Threshold 0.453": {
			"accuracy": 0.5008275862068966,
			"precision": 0.5004145865363022,
			"recall": 0.9989137931034483,
			"fpr": 0.9972586206896552
		},
		"Threshold 0.474": {
			"accuracy": 0.5002844827586207,
			"precision": 0.5001423383166121,
			"recall": 0.9996034482758621,
			"fpr": 0.9990344827586207
		},
		"Threshold 0.495": {
			"accuracy": 0.5001034482758621,
			"precision": 0.500051732165336,
			"recall": 0.9999482758620689,
			"fpr": 0.9997413793103448
		},
		"Threshold 0.516": {
			"accuracy": 0.5000431034482758,
			"precision": 0.5000215530247515,
			"recall": 0.9999827586206896,
			"fpr": 0.9998965517241379
		},
		"Threshold 0.537": {
			"accuracy": 0.5000258620689655,
			"precision": 0.500012931591879,
			"recall": 0.9999827586206896,
			"fpr": 0.9999310344827587
		},
		"Threshold 0.558": {
			"accuracy": 0.5000258620689655,
			"precision": 0.500012931591879,
			"recall": 0.9999827586206896,
			"fpr": 0.9999310344827587
		},
		"Threshold 0.579": {
			"accuracy": 0.5000172413793104,
			"precision": 0.5000086208382903,
			"recall": 1.0,
			"fpr": 0.9999655172413793
		},
		"Threshold 0.600": {
			"accuracy": 0.5000086206896551,
			"precision": 0.500004310381986,
			"recall": 1.0,
			"fpr": 0.9999827586206896
		}
	},
	"SimCLR v1 ResNet50 2x raw features Jensen-Shannon": {
		"Threshold 0.300": {
			"accuracy": 0.8031724137931034,
			"precision": 0.9982432279270089,
			"recall": 0.6074137931034482,
			"fpr": 0.0010689655172413793
		},
		"Threshold 0.326": {
			"accuracy": 0.8252413793103448,
			"precision": 0.9970489038785835,
			"recall": 0.6524137931034483,
			"fpr": 0.0019310344827586207
		},
		"Threshold 0.353": {
			"accuracy": 0.8468017241379311,
			"precision": 0.994955584537021,
			"recall": 0.6971379310344827,
			"fpr": 0.0035344827586206895
		},
		"Threshold 0.379": {
			"accuracy": 0.8660689655172413,
			"precision": 0.9906410315662985,
			"recall": 0.7391206896551724,
			"fpr": 0.006982758620689655
		},
		"Threshold 0.405": {
			"accuracy": 0.8826724137931035,
			"precision": 0.9831512037964213,
			"recall": 0.7786896551724138,
			"fpr": 0.013344827586206897
		},
		"Threshold 0.432": {
			"accuracy": 0.8958793103448276,
			"precision": 0.9712268604030703,
			"recall": 0.8159310344827586,
			"fpr": 0.024172413793103448
		},
		"Threshold 0.458": {
			"accuracy": 0.9018448275862069,
			"precision": 0.9461011369291429,
			"recall": 0.8522413793103448,
			"fpr": 0.04855172413793103
		},
		"Threshold 0.484": {
			"accuracy": 0.8956810344827586,
			"precision": 0.9049745010499568,
			"recall": 0.8842068965517241,
			"fpr": 0.0928448275862069
		},
		"Threshold 0.511": {
			"accuracy": 0.8669396551724138,
			"precision": 0.8368070391998608,
			"recall": 0.9116724137931035,
			"fpr": 0.17779310344827587
		},