{
	"ResNet50 2x raw features Jensen-Shannon": {
		"Threshold 0.200": {
			"accuracy": 0.5009568965517242,
			"precision": 0.5007867541783027,
			"recall": 0.6090862068965517,
			"fpr": 0.6071724137931035
		},
		"Threshold 0.221": {
			"accuracy": 0.5017672413793104,
			"precision": 0.5013140520236401,
			"recall": 0.6742068965517242,
			"fpr": 0.6706724137931035
		},
		"Threshold 0.242": {
			"accuracy": 0.5012931034482758,
			"precision": 0.5008826021464884,
			"recall": 0.733844827586207,
			"fpr": 0.7312586206896552
		},
		"Threshold 0.263": {
			"accuracy": 0.5013620689655173,
			"precision": 0.5008656585579663,
			"recall": 0.7880862068965517,
			"fpr": 0.7853620689655172
		},
		"Threshold 0.284": {
			"accuracy": 0.5017844827586206,
			"precision": 0.5010674394859789,
			"recall": 0.8376551724137931,
			"fpr": 0.8340862068965518
		},
		"Threshold 0.305": {
			"accuracy": 0.5026896551724138,
			"precision": 0.5015321154979375,
			"recall": 0.880448275862069,
			"fpr": 0.8750689655172413
		},
		"Threshold 0.326": {
			"accuracy": 0.5023189655172414,
			"precision": 0.5012691912090815,
			"recall": 0.9158793103448276,
			"fpr": 0.9112413793103449
		},
		"Threshold 0.347": {
			"accuracy": 0.5018103448275862,
			"precision": 0.5009604478431086,
			"recall": 0.9442586206896552,
			"fpr": 0.9406379310344828
		},
		"Threshold 0.368": {
			"accuracy": 0.5010862068965517,
			"precision": 0.5005617176076179,
			"recall": 0.967948275862069,
			"fpr": 0.9657758620689655
		},
		"Threshold 0.389": {
			"accuracy": 0.5010258620689655,
			"precision": 0.5005211937526827,
			"recall": 0.9851724137931035,
			"fpr": 0.9831206896551724
		},
		"Threshold 0.411": {
			"accuracy": 0.5003706896551724,
			"precision": 0.5001864943401136,
			"recall": 0.9942068965517241,
			"fpr": 0.9934655172413793
		},
		"Threshold 0.432": {
			"accuracy": 0.5001896551724138,
			"precision": 0.5000950291134647,
			"recall": 0.9980689655172413,
			"fpr": 0.9976896551724138
		},
		"Threshold 0.453": {
			"accuracy": 0.5000948275862069,
			"precision": 0.5000474461055374,
			"recall": 0.9994137931034482,
			"fpr": 0.9992241379310345
		},
		"Threshold 0.474": {
			"accuracy": 0.5000862068965517,
			"precision": 0.5000431153421634,
			"recall": 0.9998103448275862,
			"fpr": 0.9996379310344827
		},
		"Threshold 0.495": {
			"accuracy": 0.5000603448275862,
			"precision": 0.500030176315903,
			"recall": 0.9999310344827587,
			"fpr": 0.9998103448275862
		},
		"Threshold 0.516": {
			"accuracy": 0.5000603448275862,
			"precision": 0.5000301752752416,
			"recall": 0.9999655172413793,
			"fpr": 0.9998448275862069
		},
		"Threshold 0.537": {
			"accuracy": 0.5000431034482758,
			"precision": 0.5000215526531316,
			"recall": 1.0,
			"fpr": 0.9999137931034483
		},
		"Threshold 0.558": {
			"accuracy": 0.5000172413793104,
			"precision": 0.5000086208382903,
			"recall": 1.0,
			"fpr": 0.9999655172413793
		},
		"Threshold 0.579": {
			"accuracy": 0.5000086206896551,
			"precision": 0.500004310381986,
			"recall": 1.0,
			"fpr": 0.9999827586206896
		},
		"Threshold 0.600": {
			"accuracy": 0.5000086206896551,
			"precision": 0.500004310381986,
			"recall": 1.0,
			"fpr": 0.9999827586206896
		}
	},
	"ResNet101 2x raw features Jensen-Shannon": {
		"Threshold 0.200": {
			"accuracy": 0.5021120689655172,
			"precision": 0.5017465318866822,
			"recall": 0.6067586206896551,
			"fpr": 0.6025344827586206
		},
		"Threshold 0.221": {
			"accuracy": 0.5022586206896552,
			"precision": 0.5016820749871598,
			"recall": 0.6736379310344828,
			"fpr": 0.6691206896551725
		},
		"Threshold 0.242": {
			"accuracy": 0.5030172413793104,
			"precision": 0.5020517750785537,
			"recall": 0.7382931034482758,
			"fpr": 0.7322586206896552
		},
		"Threshold 0.263": {
			"accuracy": 0.5024568965517241,
			"precision": 0.5015508516079883,
			"recall": 0.7945689655172414,
			"fpr": 0.7896551724137931
		},
		"Threshold 0.284": {
			"accuracy": 0.5021206896551724,
			"precision": 0.5012606075513467,
			"recall": 0.8432586206896552,
			"fpr": 0.8390172413793103
		},
		"Threshold 0.305": {
			"accuracy": 0.5021465517241379,
			"precision": 0.5012143379663496,
			"recall": 0.8859827586206896,
			"fpr": 0.8816896551724138
		},
		"Threshold 0.326": {
			"accuracy": 0.5016982758620689,
			"precision": 0.5009242491062464,
			"recall": 0.9204310344827586,
			"fpr": 0.9170344827586207
		},
		"Threshold 0.347": {
			"accuracy": 0.5012413793103448,
			"precision": 0.5006556541060339,
			"recall": 0.9479137931034483,
			"fpr": 0.9454310344827587
		},
		"Threshold 0.368": {
			"accuracy": 0.5009741379310345,
			"precision": 0.5005026466794181,
			"recall": 0.9699827586206896,
			"fpr": 0.9680344827586207
		},
		"Threshold 0.389": {
			"accuracy": 0.5008103448275862,
			"precision": 0.5004111122773871,
			"recall": 0.9863620689655173,
			"fpr": 0.9847413793103448
		},
		"Threshold 0.411": {
			"accuracy": 0.5004568965517241,
			"precision": 0.5002297335957209,
			"recall": 0.9948620689655172,
			"fpr": 0.993948275862069
		},
		"Threshold 0.432": {
			"accuracy": 0.5000086206896551,
			"precision": 0.5000043177520056,
			"recall": 0.9982931034482758,
			"fpr": 0.9982758620689656
		},
		"Threshold 0.453": {
			"accuracy": 0.49996551724137933,
			"precision": 0.49998274672187715,
			"recall": 0.9992758620689656,
			"fpr": 0.9993448275862069
		},
		"Threshold 0.474": {
			"accuracy": 0.5000086206896551,
			"precision": 0.5000043115713954,
			"recall": 0.9997241379310344,
			"fpr": 0.9997068965517242
		},
		"Threshold 0.495": {
			"accuracy": 0.5000517241379311,
			"precision": 0.5000258642986465,
			"recall": 0.9999655172413793,
			"fpr": 0.9998620689655172
		},
		"Threshold 0.516": {
			"accuracy": 0.5000172413793104,
			"precision": 0.500008621135576,
			"recall": 0.9999655172413793,
			"fpr": 0.9999310344827587
		},
		"Threshold 0.537": {
			"accuracy": 0.5000344827586207,
			"precision": 0.5000172419738612,
			"recall": 1.0,
			"fpr": 0.9999310344827587
		},
		"Threshold 0.558": {
			"accuracy": 0.5000344827586207,
			"precision": 0.5000172419738612,
			"recall": 1.0,
			"fpr": 0.9999310344827587
		},
		"Threshold 0.579": {
			"accuracy": 0.5000172413793104,
			"precision": 0.5000086208382903,
			"recall": 1.0,
			"fpr": 0.9999655172413793
		},
		"Threshold 0.600": {
			"accuracy": 0.5,
			"precision": 0.5,
			"recall": 1.0,
			"fpr": 1.0
		}
	},
	"SimCLR v1 ResNet50 2x raw features Jensen-Shannon": {
		"Threshold 0.300": {
			"accuracy": 0.5029913793103449,
			"precision": 0.5024554550729561,
			"recall": 0.6121206896551724,
			"fpr": 0.6061379310344828
		},
		"Threshold 0.326": {
			"accuracy": 0.5032327586206896,
			"precision": 0.5024747574737676,
			"recall": 0.6563793103448275,
			"fpr": 0.6499137931034483
		},
		"Threshold 0.353": {
			"accuracy": 0.503646551724138,
			"precision": 0.5026204606559205,
			"recall": 0.6994310344827587,
			"fpr": 0.6921379310344827
		},
		"Threshold 0.379": {
			"accuracy": 0.5030172413793104,
			"precision": 0.5020428651475533,
			"recall": 0.7415,
			"fpr": 0.7354655172413793
		},
		"Threshold 0.405": {
			"accuracy": 0.5040689655172413,
			"precision": 0.502612179841941,
			"recall": 0.7829137931034483,
			"fpr": 0.7747758620689655
		},
		"Threshold 0.432": {
			"accuracy": 0.5033362068965517,
			"precision": 0.5020411607717381,
			"recall": 0.8205689655172413,
			"fpr": 0.8138965517241379
		},
		"Threshold 0.458": {
			"accuracy": 0.5030258620689655,
			"precision": 0.5017732467086318,
			"recall": 0.8562241379310345,
			"fpr": 0.8501724137931035
		},
		"Threshold 0.484": {
			"accuracy": 0.5029913793103449,
			"precision": 0.5016899624993912,
			"recall": 0.8880344827586207,
			"fpr": 0.882051724137931
		},
		"Threshold 0.511": {
			"accuracy": 0.5024224137931035,
			"precision": 0.5013271870247396,
			"recall": 0.9150344827586206,
			"fpr": 0.9101896551724138
		},
		"Threshold 0.537": {
			"accuracy": 0.5020775862068966,
			"precision": 0.5011108755174098,
			"recall": 0.9371896551724138,