{
	"Dhash 64 bits": 0.6496913433074951,
	"Dhash 121 bits": 0.6512777805328369,
	"Dhash 169 bits": 0.635735273361206,
	"Dhash 256 bits": 0.6360816955566406
}