{
	"Dhash 64 bits": {
		"Threshold 0.000": {
			"accuracy": 0.6711206896551725,
			"precision": 1.0,
			"recall": 0.3422413793103448,
			"fpr": 0.0
		},
		"Threshold 0.021": {
			"accuracy": 0.7625862068965518,
			"precision": 1.0,
			"recall": 0.5251724137931034,
			"fpr": 0.0
		},
		"Threshold 0.042": {
			"accuracy": 0.8083620689655172,
			"precision": 1.0,
			"recall": 0.6167241379310345,
			"fpr": 0.0
		},
		"Threshold 0.063": {
			"accuracy": 0.8562068965517241,
			"precision": 1.0,
			"recall": 0.7124137931034483,
			"fpr": 0.0
		},
		"Threshold 0.084": {
			"accuracy": 0.8699137931034483,
			"precision": 1.0,
			"recall": 0.7398275862068966,
			"fpr": 0.0
		},
		"Threshold 0.105": {
			"accuracy": 0.8808620689655172,
			"precision": 1.0,
			"recall": 0.7617241379310344,
			"fpr": 0.0
		},
		"Threshold 0.126": {
			"accuracy": 0.8966379310344827,
			"precision": 1.0,
			"recall": 0.7932758620689655,
			"fpr": 0.0
		},
		"Threshold 0.147": {
			"accuracy": 0.9002586206896551,
			"precision": 0.9965775401069519,
			"recall": 0.8032758620689655,
			"fpr": 0.002758620689655172
		},
		"Threshold 0.168": {
			"accuracy": 0.904051724137931,
			"precision": 0.992021834977955,
			"recall": 0.8146551724137931,
			"fpr": 0.006551724137931035
		},
		"Threshold 0.189": {
			"accuracy": 0.9081896551724138,
			"precision": 0.9812970115877211,
			"recall": 0.8322413793103448,
			"fpr": 0.015862068965517243
		},
		"Threshold 0.211": {
			"accuracy": 0.9074137931034483,
			"precision": 0.9681061806656102,
			"recall": 0.8425862068965517,
			"fpr": 0.02775862068965517
		},
		"Threshold 0.232": {
			"accuracy": 0.8998275862068965,
			"precision": 0.9395375284306292,
			"recall": 0.8546551724137931,
			"fpr": 0.055
		},
		"Threshold 0.253": {
			"accuracy": 0.8564655172413793,
			"precision": 0.8339525117105475,
			"recall": 0.8901724137931034,
			"fpr": 0.17724137931034484
		},
		"Threshold 0.274": {
			"accuracy": 0.8227586206896552,
			"precision": 0.7730455075845974,
			"recall": 0.9137931034482759,
			"fpr": 0.26827586206896553
		},
		"Threshold 0.295": {
			"accuracy": 0.7681034482758621,
			"precision": 0.6991547131147541,
			"recall": 0.9412068965517242,
			"fpr": 0.405
		},
		"Threshold 0.316": {
			"accuracy": 0.5957758620689655,
			"precision": 0.5538954108858057,
			"recall": 0.9843103448275862,
			"fpr": 0.7927586206896552
		},
		"Threshold 0.337": {
			"accuracy": 0.5423275862068966,
			"precision": 0.5222473946533757,
			"recall": 0.9936206896551724,
			"fpr": 0.9089655172413793
		},
		"Threshold 0.358": {
			"accuracy": 0.5137931034482759,
			"precision": 0.5070052539404554,
			"recall": 0.9982758620689656,
			"fpr": 0.9706896551724138
		},
		"Threshold 0.379": {
			"accuracy": 0.5002586206896552,
			"precision": 0.5001293437958093,
			"recall": 1.0,
			"fpr": 0.9994827586206897
		},
		"Threshold 0.400": {
			"accuracy": 0.5,
			"precision": 0.5,
			"recall": 1.0,
			"fpr": 1.0
		}
	},
	"Dhash 121 bits": {
		"Threshold 0.000": {
			"accuracy": 0.5954310344827586,
			"precision": 1.0,
			"recall": 0.19086206896551725,
			"fpr": 0.0
		},
		"Threshold 0.021": {
			"accuracy": 0.7250862068965517,
			"precision": 1.0,
			"recall": 0.45017241379310347,
			"fpr": 0.0
		},
		"Threshold 0.042": {
			"accuracy": 0.8075,
			"precision": 1.0,
			"recall": 0.615,
			"fpr": 0.0
		},
		"Threshold 0.063": {
			"accuracy": 0.8373275862068965,
			"precision": 1.0,
			"recall": 0.6746551724137931,
			"fpr": 0.0
		},
		"Threshold 0.084": {
			"accuracy": 0.8631896551724138,
			"precision": 1.0,
			"recall": 0.7263793103448276,
			"fpr": 0.0
		},
		"Threshold 0.105": {
			"accuracy": 0.8742241379310345,
			"precision": 1.0,
			"recall": 0.748448275862069,
			"fpr": 0.0
		},
		"Threshold 0.126": {
			"accuracy": 0.885603448275862,
			"precision": 1.0,
			"recall": 0.7712068965517241,
			"fpr": 0.0
		},
		"Threshold 0.147": {
			"accuracy": 0.8919827586206897,
			"precision": 1.0,
			"recall": 0.7839655172413793,
			"fpr": 0.0
		},
		"Threshold 0.168": {
			"accuracy": 0.8989655172413793,
			"precision": 1.0,
			"recall": 0.7979310344827586,
			"fpr": 0.0
		},
		"Threshold 0.189": {
			"accuracy": 0.9005172413793103,
			"precision": 0.9948870899020026,
			"recall": 0.8051724137931034,
			"fpr": 0.004137931034482759
		},
		"Threshold 0.211": {
			"accuracy": 0.9045689655172414,
			"precision": 0.9905916788626385,
			"recall": 0.8168965517241379,
			"fpr": 0.007758620689655172
		},
		"Threshold 0.232": {
			"accuracy": 0.9100862068965517,
			"precision": 0.9893026126311458,
			"recall": 0.8291379310344827,
			"fpr": 0.00896551724137931
		},
		"Threshold 0.253": {
			"accuracy": 0.9112068965517242,
			"precision": 0.9853479853479854,
			"recall": 0.8348275862068966,
			"fpr": 0.012413793103448275
		},
		"Threshold 0.274": {
			"accuracy": 0.9093965517241379,
			"precision": 0.9682508380989943,
			"recall": 0.846551724137931,
			"fpr": 0.02775862068965517
		},
		"Threshold 0.295": {
			"accuracy": 0.894051724137931,
			"precision": 0.9226928056223415,
			"recall": 0.8601724137931035,
			"fpr": 0.07206896551724137
		},
		"Threshold 0.316": {
			"accuracy": 0.8308620689655173,
			"precision": 0.790933899332929,
			"recall": 0.8994827586206896,
			"fpr": 0.23775862068965517
		},
		"Threshold 0.337": {
			"accuracy": 0.7517241379310344,
			"precision": 0.6850912778904665,
			"recall": 0.9317241379310345,
			"fpr": 0.4282758620689655
		},
		"Threshold 0.358": {
			"accuracy": 0.6040517241379311,
			"precision": 0.5593236999901701,
			"recall": 0.9810344827586207,
			"fpr": 0.7729310344827586
		},
		"Threshold 0.379": {
			"accuracy": 0.5368103448275862,
			"precision": 0.5192221121815072,
			"recall": 0.9943103448275862,
			"fpr": 0.9206896551724137
		},
		"Threshold 0.400": {
			"accuracy": 0.5014655172413793,
			"precision": 0.5007340875723292,
			"recall": 0.9996551724137931,
			"fpr": 0.9967241379310345
		}
	},
	"Dhash 169 bits": {
		"Threshold 0.000": {
			"accuracy": 0.5631896551724138,
			"precision": 1.0,
			"recall": 0.12637931034482758,
			"fpr": 0.0
		},
		"Threshold 0.021": {
			"accuracy": 0.7100862068965518,
			"precision": 1.0,
			"recall": 0.42017241379310344,
			"fpr": 0.0
		},
		"Threshold 0.042": {
			"accuracy": 0.7960344827586207,
			"precision": 1.0,
			"recall": 0.5920689655172414,
			"fpr": 0.0
		},
		"Threshold 0.063": {
			"accuracy": 0.8306034482758621,
			"precision": 1.0,
			"recall": 0.6612068965517242,
			"fpr": 0.0
		},
		"Threshold 0.084": {
			"accuracy": 0.8551724137931035,
			"precision": 1.0,
			"recall": 0.7103448275862069,
			"fpr": 0.0
		},
		"Threshold 0.105": {
			"accuracy": 0.8687931034482759,
			"precision": 1.0,
			"recall": 0.7375862068965517,
			"fpr": 0.0
		},
		"Threshold 0.126": {
			"accuracy": 0.8829310344827587,
			"precision": 1.0,
			"recall": 0.7658620689655172,
			"fpr": 0.0
		},
		"Threshold 0.147": {
			"accuracy": 0.8895689655172414,
			"precision": 1.0,
			"recall": 0.7791379310344828,
			"fpr": 0.0
		},
		"Threshold 0.168": {
			"accuracy": 0.8954310344827586,
			"precision": 1.0,
			"recall": 0.7908620689655173,
			"fpr": 0.0
		},
		"Threshold 0.189": {
			"accuracy": 0.8987931034482759,
			"precision": 1.0,
			"recall": 0.7975862068965517,
			"fpr": 0.0
		},
		"Threshold 0.211": {
			"accuracy": 0.8998275862068965,
			"precision": 0.9936143039591315,
			"recall": 0.8048275862068965,
			"fpr": 0.005172413793103448
		},
		"Threshold 0.232": {
			"accuracy": 0.9035344827586207,
			"precision": 0.990773747116796,
			"recall": 0.8146551724137931,
			"fpr": 0.007586206896551724
		},
		"Threshold 0.253": {
			"accuracy": 0.9061206896551725,
			"precision": 0.9898107714701602,
			"recall": 0.8206896551724138,
			"fpr": 0.008448275862068965
		},
		"Threshold 0.274": {
			"accuracy": 0.9088793103448276,
			"precision": 0.9826989619377162,
			"recall": 0.8324137931034483,
			"fpr": 0.014655172413793103
		},
		"Threshold 0.295": {
			"accuracy": 0.9072413793103449,
			"precision": 0.9716453674121406,