{
	"Dhash 64 bits": 12.95263934135437,
	"Dhash 121 bits": 13.358859813213348,
	"Dhash 169 bits": 13.618244683742523,
	"Dhash 256 bits": 13.940560925006867
}