{
	"ResNet50 2x raw features L2": 1.5932965278625488,
	"ResNet50 2x raw features L1": 1.1326661109924316
}