{
	"ResNet50 2x raw features L2": {
		"Threshold 8.000": {
			"accuracy": 0.75,
			"precision": 0.9996554100620262,
			"recall": 0.5001724137931034,
			"fpr": 0.00017241379310344826
		},
		"Threshold 8.895": {
			"accuracy": 0.7763793103448275,
			"precision": 0.9929274292742928,
			"recall": 0.5567241379310345,
			"fpr": 0.003965517241379311
		},
		"Threshold 9.789": {
			"accuracy": 0.8030172413793103,
			"precision": 0.9869770019395955,
			"recall": 0.6141379310344828,
			"fpr": 0.008103448275862069
		},
		"Threshold 10.684": {
			"accuracy": 0.8246551724137932,
			"precision": 0.9771920932589965,
			"recall": 0.6648275862068965,
			"fpr": 0.015517241379310345
		},
		"Threshold 11.579": {
			"accuracy": 0.8368965517241379,
			"precision": 0.9559029398040131,
			"recall": 0.7063793103448276,
			"fpr": 0.03258620689655172
		},
		"Threshold 12.474": {
			"accuracy": 0.8503448275862069,
			"precision": 0.9371772805507745,
			"recall": 0.7510344827586207,
			"fpr": 0.0503448275862069
		},
		"Threshold 13.368": {
			"accuracy": 0.855,
			"precision": 0.9141190667739341,
			"recall": 0.7836206896551724,
			"fpr": 0.07362068965517242
		},
		"Threshold 14.263": {
			"accuracy": 0.8528448275862069,
			"precision": 0.8793327154772937,
			"recall": 0.8179310344827586,
			"fpr": 0.11224137931034482
		},
		"Threshold 15.158": {
			"accuracy": 0.8396551724137931,
			"precision": 0.8327702702702703,
			"recall": 0.85,
			"fpr": 0.1706896551724138
		},
		"Threshold 16.053": {
			"accuracy": 0.8264655172413793,
			"precision": 0.7947999377238051,
			"recall": 0.8801724137931034,
			"fpr": 0.22724137931034483
		},
		"Threshold 16.947": {
			"accuracy": 0.8001724137931034,
			"precision": 0.7488564894225271,
			"recall": 0.9032758620689655,
			"fpr": 0.3029310344827586
		},
		"Threshold 17.842": {
			"accuracy": 0.7701724137931034,
			"precision": 0.706292785676672,
			"recall": 0.925,
			"fpr": 0.3846551724137931
		},
		"Threshold 18.737": {
			"accuracy": 0.7363793103448276,
			"precision": 0.667276720351391,
			"recall": 0.9429310344827586,
			"fpr": 0.4701724137931034
		},
		"Threshold 19.632": {
			"accuracy": 0.6983620689655172,
			"precision": 0.6307237813884786,
			"recall": 0.9570689655172414,
			"fpr": 0.5603448275862069
		},
		"Threshold 20.526": {
			"accuracy": 0.6543965517241379,
			"precision": 0.5946717411988582,
			"recall": 0.9698275862068966,
			"fpr": 0.6610344827586206
		},
		"Threshold 21.421": {
			"accuracy": 0.6185344827586207,
			"precision": 0.5687019086639352,
			"recall": 0.9812068965517241,
			"fpr": 0.7441379310344828
		},
		"Threshold 22.316": {
			"accuracy": 0.5858620689655173,
			"precision": 0.5475917431192661,
			"recall": 0.9879310344827587,
			"fpr": 0.8162068965517242
		},
		"Threshold 23.211": {
			"accuracy": 0.5564655172413793,
			"precision": 0.5301648705904025,
			"recall": 0.9924137931034482,
			"fpr": 0.8794827586206897
		},
		"Threshold 24.105": {
			"accuracy": 0.534051724137931,
			"precision": 0.5176923766012721,
			"recall": 0.9963793103448276,
			"fpr": 0.9282758620689655
		},
		"Threshold 25.000": {
			"accuracy": 0.5191379310344828,
			"precision": 0.5097745685100388,
			"recall": 0.9981034482758621,
			"fpr": 0.9598275862068966
		}
	},
	"ResNet50 2x raw features L1": {
		"Threshold 200.000": {
			"accuracy": 0.7344827586206897,
			"precision": 0.9988994864269992,
			"recall": 0.46948275862068967,
			"fpr": 0.0005172413793103448
		},
		"Threshold 231.579": {
			"accuracy": 0.7696551724137931,
			"precision": 0.986318407960199,
			"recall": 0.546896551724138,
			"fpr": 0.007586206896551724
		},
		"Threshold 263.158": {
			"accuracy": 0.8046551724137931,
			"precision": 0.9812091503267973,
			"recall": 0.6212068965517241,
			"fpr": 0.01189655172413793
		},
		"Threshold 294.737": {
			"accuracy": 0.8275862068965517,
			"precision": 0.9602713178294574,
			"recall": 0.6834482758620689,
			"fpr": 0.028275862068965516
		},
		"Threshold 326.316": {
			"accuracy": 0.8414655172413793,
			"precision": 0.9300760043431053,
			"recall": 0.738448275862069,
			"fpr": 0.05551724137931034
		},
		"Threshold 357.895": {
			"accuracy": 0.840948275862069,
			"precision": 0.8860042943587741,
			"recall": 0.7825862068965517,
			"fpr": 0.1006896551724138
		},
		"Threshold 389.474": {
			"accuracy": 0.8244827586206896,
			"precision": 0.82381280110117,
			"recall": 0.8255172413793104,
			"fpr": 0.17655172413793102
		},
		"Threshold 421.053": {
			"accuracy": 0.7987931034482758,
			"precision": 0.7636944613511869,
			"recall": 0.8653448275862069,
			"fpr": 0.26775862068965517
		},
		"Threshold 452.632": {
			"accuracy": 0.770603448275862,
			"precision": 0.715324461517355,
			"recall": 0.8989655172413793,
			"fpr": 0.3577586206896552
		},
		"Threshold 484.211": {
			"accuracy": 0.7363793103448276,
			"precision": 0.6720632530120482,
			"recall": 0.9232758620689655,
			"fpr": 0.4505172413793103
		},
		"Threshold 515.789": {
			"accuracy": 0.7076724137931034,
			"precision": 0.6410256410256411,
			"recall": 0.9439655172413793,
			"fpr": 0.5286206896551724
		},
		"Threshold 547.368": {
			"accuracy": 0.6712931034482759,
			"precision": 0.6080478520935291,
			"recall": 0.9639655172413794,
			"fpr": 0.6213793103448276
		},
		"Threshold 578.947": {
			"accuracy": 0.6282758620689655,
			"precision": 0.5756097560975609,
			"recall": 0.976551724137931,
			"fpr": 0.72
		},
		"Threshold 610.526": {
			"accuracy": 0.585,
			"precision": 0.5471229210476009,
			"recall": 0.9868965517241379,
			"fpr": 0.8168965517241379
		},
		"Threshold 642.105": {
			"accuracy": 0.545344827586207,
			"precision": 0.5239134388070559,
			"recall": 0.993448275862069,
			"fpr": 0.9027586206896552
		},
		"Threshold 673.684": {
			"accuracy": 0.5172413793103449,
			"precision": 0.5087966220971147,
			"recall": 0.9972413793103448,
			"fpr": 0.9627586206896551
		},
		"Threshold 705.263": {
			"accuracy": 0.5047413793103448,
			"precision": 0.5023852892705352,
			"recall": 0.9986206896551724,
			"fpr": 0.9891379310344828
		},
		"Threshold 736.842": {
			"accuracy": 0.5014655172413793,
			"precision": 0.5007342143906021,
			"recall": 0.9994827586206897,
			"fpr": 0.996551724137931
		},
		"Threshold 768.421": {
			"accuracy": 0.5002586206896552,
			"precision": 0.5001293661060802,
			"recall": 0.9998275862068966,
			"fpr": 0.9993103448275862
		},
		"Threshold 800.000": {
			"accuracy": 0.5,
			"precision": 0.5,
			"recall": 1.0,
			"fpr": 1.0
		}
	}
}