{
	"ResNet50 2x raw features L2": 44.577144825458525,
	"ResNet50 2x raw features L1": 44.448768365383145
}