{
	"FAST + DAISY 30 descriptors": {
		"Threshold 0.000": {
			"accuracy": 0.5144396551724137,
			"precision": 0.9994036970781157,
			"recall": 0.02889655172413793,
			"fpr": 1.7241379310344828e-05
		},
		"Threshold 0.021": {
			"accuracy": 0.6438448275862069,
			"precision": 0.9781636863823934,
			"recall": 0.2942586206896552,
			"fpr": 0.0065689655172413795
		},
		"Threshold 0.042": {
			"accuracy": 0.7071724137931035,
			"precision": 0.8166438283967534,
			"recall": 0.5343103448275862,
			"fpr": 0.11996551724137931
		},
		"Threshold 0.063": {
			"accuracy": 0.6579913793103448,
			"precision": 0.6283673040554738,
			"recall": 0.7733793103448275,
			"fpr": 0.45739655172413796
		},
		"Threshold 0.084": {
			"accuracy": 0.5647068965517241,
			"precision": 0.5391247237396272,
			"recall": 0.8916379310344827,
			"fpr": 0.7622241379310345
		},
		"Threshold 0.105": {
			"accuracy": 0.5185862068965518,
			"precision": 0.5101673174504366,
			"recall": 0.9326034482758621,
			"fpr": 0.8954310344827586
		},
		"Threshold 0.126": {
			"accuracy": 0.5040258620689655,
			"precision": 0.5021435194110141,
			"recall": 0.9431034482758621,
			"fpr": 0.935051724137931
		},
		"Threshold 0.147": {
			"accuracy": 0.4991206896551724,
			"precision": 0.4995383612730367,
			"recall": 0.9515,
			"fpr": 0.9532586206896552
		},
		"Threshold 0.168": {
			"accuracy": 0.49854310344827585,
			"precision": 0.4992499090126317,
			"recall": 0.9696896551724138,
			"fpr": 0.9726034482758621
		},
		"Threshold 0.189": {
			"accuracy": 0.4986551724137931,
			"precision": 0.49932176272129664,
			"recall": 0.9900689655172413,
			"fpr": 0.9927586206896551
		},
		"Threshold 0.211": {
			"accuracy": 0.49860344827586206,
			"precision": 0.499300324787506,
			"recall": 0.9966034482758621,
			"fpr": 0.9993965517241379
		},
		"Threshold 0.232": {
			"accuracy": 0.49851724137931036,
			"precision": 0.4992572889318779,
			"recall": 0.9967241379310345,
			"fpr": 0.9996896551724138
		},
		"Threshold 0.253": {
			"accuracy": 0.49851724137931036,
			"precision": 0.4992572889318779,
			"recall": 0.9967241379310345,
			"fpr": 0.9996896551724138
		},
		"Threshold 0.274": {
			"accuracy": 0.49851724137931036,
			"precision": 0.4992572889318779,
			"recall": 0.9967241379310345,
			"fpr": 0.9996896551724138
		},
		"Threshold 0.295": {
			"accuracy": 0.49851724137931036,
			"precision": 0.4992572889318779,
			"recall": 0.9967241379310345,
			"fpr": 0.9996896551724138
		},
		"Threshold 0.316": {
			"accuracy": 0.49851724137931036,
			"precision": 0.4992572889318779,
			"recall": 0.9967241379310345,
			"fpr": 0.9996896551724138
		},
		"Threshold 0.337": {
			"accuracy": 0.49851724137931036,
			"precision": 0.4992572889318779,
			"recall": 0.9967241379310345,
			"fpr": 0.9996896551724138
		},
		"Threshold 0.358": {
			"accuracy": 0.49851724137931036,
			"precision": 0.4992572889318779,
			"recall": 0.9967241379310345,
			"fpr": 0.9996896551724138
		},
		"Threshold 0.379": {
			"accuracy": 0.49851724137931036,
			"precision": 0.4992572889318779,
			"recall": 0.9967241379310345,
			"fpr": 0.9996896551724138
		},
		"Threshold 0.400": {
			"accuracy": 0.49851724137931036,
			"precision": 0.4992572889318779,
			"recall": 0.9967241379310345,
			"fpr": 0.9996896551724138
		}
	}
}