{
	"SIFT 30 descriptors": {
		"Threshold 0.000": {
			"accuracy": 0.5197758620689655,
			"precision": 0.999129677980853,
			"recall": 0.03958620689655173,
			"fpr": 3.4482758620689657e-05
		},
		"Threshold 15.789": {
			"accuracy": 0.7113706896551724,
			"precision": 0.9945540360643834,
			"recall": 0.4250689655172414,
			"fpr": 0.0023275862068965515
		},
		"Threshold 31.579": {
			"accuracy": 0.799603448275862,
			"precision": 0.9703605456907752,
			"recall": 0.6180862068965517,
			"fpr": 0.018879310344827586
		},
		"Threshold 47.368": {
			"accuracy": 0.8358362068965517,
			"precision": 0.902506560866241,
			"recall": 0.7530172413793104,
			"fpr": 0.0813448275862069
		},
		"Threshold 63.158": {
			"accuracy": 0.8358706896551724,
			"precision": 0.8453070991757511,
			"recall": 0.8222068965517242,
			"fpr": 0.1504655172413793
		},
		"Threshold 78.947": {
			"accuracy": 0.8048103448275862,
			"precision": 0.772244294557886,
			"recall": 0.8646206896551724,
			"fpr": 0.255
		},
		"Threshold 94.737": {
			"accuracy": 0.7519655172413793,
			"precision": 0.6947702313679497,
			"recall": 0.8987931034482759,
			"fpr": 0.39486206896551723
		},
		"Threshold 110.526": {
			"accuracy": 0.6871637931034483,
			"precision": 0.625585673133655,
			"recall": 0.9323275862068966,
			"fpr": 0.558
		},
		"Threshold 126.316": {
			"accuracy": 0.6236982758620689,
			"precision": 0.5741297541923684,
			"recall": 0.9580344827586207,
			"fpr": 0.7106379310344828
		},
		"Threshold 142.105": {
			"accuracy": 0.5718620689655173,
			"precision": 0.5397421717075404,
			"recall": 0.9759655172413794,
			"fpr": 0.8322413793103448
		},
		"Threshold 157.895": {
			"accuracy": 0.5357931034482759,
			"precision": 0.5188231027291685,
			"recall": 0.9865689655172414,
			"fpr": 0.9149827586206897
		},
		"Threshold 173.684": {
			"accuracy": 0.5148620689655172,
			"precision": 0.5075792213273309,
			"recall": 0.9953103448275862,
			"fpr": 0.9655862068965517
		},
		"Threshold 189.474": {
			"accuracy": 0.5049568965517242,
			"precision": 0.5024943822174407,
			"recall": 0.9985689655172414,
			"fpr": 0.9886551724137931
		},
		"Threshold 205.263": {
			"accuracy": 0.5010517241379311,
			"precision": 0.5005266884249426,
			"recall": 0.9994827586206897,
			"fpr": 0.9973793103448276
		},
		"Threshold 221.053": {
			"accuracy": 0.5000689655172413,
			"precision": 0.5000344922737306,
			"recall": 0.9997931034482759,
			"fpr": 0.9996551724137931
		},
		"Threshold 236.842": {
			"accuracy": 0.49997413793103446,
			"precision": 0.49998706796216946,
			"recall": 0.9998965517241379,
			"fpr": 0.9999482758620689
		},
		"Threshold 252.632": {
			"accuracy": 0.49997413793103446,
			"precision": 0.4999870681851491,
			"recall": 0.9999137931034483,
			"fpr": 0.9999655172413793
		},
		"Threshold 268.421": {
			"accuracy": 0.49998275862068964,
			"precision": 0.499991378864424,
			"recall": 0.9999310344827587,
			"fpr": 0.9999655172413793
		},
		"Threshold 284.211": {
			"accuracy": 0.49998275862068964,
			"precision": 0.499991378864424,
			"recall": 0.9999310344827587,
			"fpr": 0.9999655172413793
		},
		"Threshold 300.000": {
			"accuracy": 0.49998275862068964,
			"precision": 0.499991378864424,
			"recall": 0.9999310344827587,
			"fpr": 0.9999655172413793
		}
	}
}