{
	"FAST + LATCH 30 descriptors": {
		"Threshold 0.100": {
			"accuracy": 0.8309741379310345,
			"precision": 0.9784651429425987,
			"recall": 0.6768448275862069,
			"fpr": 0.014896551724137931
		},
		"Threshold 0.116": {
			"accuracy": 0.8386896551724138,
			"precision": 0.9524807665729949,
			"recall": 0.712948275862069,
			"fpr": 0.03556896551724138
		},
		"Threshold 0.132": {
			"accuracy": 0.8349741379310345,
			"precision": 0.906462478294525,
			"recall": 0.7470344827586207,
			"fpr": 0.07708620689655173
		},
		"Threshold 0.147": {
			"accuracy": 0.8184137931034483,
			"precision": 0.8438978064131689,
			"recall": 0.7813620689655172,
			"fpr": 0.14453448275862069
		},
		"Threshold 0.163": {
			"accuracy": 0.7873793103448276,
			"precision": 0.7718110955285216,
			"recall": 0.8160172413793103,
			"fpr": 0.24125862068965517
		},
		"Threshold 0.179": {
			"accuracy": 0.7355948275862069,
			"precision": 0.6915915368545029,
			"recall": 0.8504310344827586,
			"fpr": 0.37924137931034485
		},
		"Threshold 0.195": {
			"accuracy": 0.6675,
			"precision": 0.6170820478210567,
			"recall": 0.8828103448275862,
			"fpr": 0.5478103448275862
		},
		"Threshold 0.211": {
			"accuracy": 0.5986551724137931,
			"precision": 0.5606555291723202,
			"recall": 0.911896551724138,
			"fpr": 0.7145862068965517
		},
		"Threshold 0.226": {
			"accuracy": 0.5488706896551724,
			"precision": 0.5275154103771296,
			"recall": 0.9369310344827586,
			"fpr": 0.8391896551724138
		},
		"Threshold 0.242": {
			"accuracy": 0.5204741379310345,
			"precision": 0.5109108115806206,
			"recall": 0.9587241379310345,
			"fpr": 0.9177758620689656
		},
		"Threshold 0.258": {
			"accuracy": 0.5049827586206896,
			"precision": 0.5025509303393002,
			"recall": 0.9816379310344827,
			"fpr": 0.9716724137931034
		},
		"Threshold 0.274": {
			"accuracy": 0.49967241379310345,
			"precision": 0.49983494622721825,
			"recall": 0.9920344827586207,
			"fpr": 0.9926896551724138
		},
		"Threshold 0.289": {
			"accuracy": 0.4987844827586207,
			"precision": 0.4993904705912868,
			"recall": 0.9958793103448276,
			"fpr": 0.9983103448275862
		},
		"Threshold 0.305": {
			"accuracy": 0.4986896551724138,
			"precision": 0.49934345790355744,
			"recall": 0.9966034482758621,
			"fpr": 0.9992241379310345
		},
		"Threshold 0.321": {
			"accuracy": 0.4985603448275862,
			"precision": 0.49927882331603085,
			"recall": 0.9966896551724138,
			"fpr": 0.9995689655172414
		},
		"Threshold 0.337": {
			"accuracy": 0.49851724137931036,
			"precision": 0.4992572889318779,
			"recall": 0.9967241379310345,
			"fpr": 0.9996896551724138
		},
		"Threshold 0.353": {
			"accuracy": 0.49851724137931036,
			"precision": 0.4992572889318779,
			"recall": 0.9967241379310345,
			"fpr": 0.9996896551724138
		},
		"Threshold 0.368": {
			"accuracy": 0.49851724137931036,
			"precision": 0.4992572889318779,
			"recall": 0.9967241379310345,
			"fpr": 0.9996896551724138
		},
		"Threshold 0.384": {
			"accuracy": 0.49851724137931036,
			"precision": 0.4992572889318779,
			"recall": 0.9967241379310345,
			"fpr": 0.9996896551724138
		},
		"Threshold 0.400": {
			"accuracy": 0.49851724137931036,
			"precision": 0.4992572889318779,
			"recall": 0.9967241379310345,
			"fpr": 0.9996896551724138
		}
	}
}