{
	"Ahash 64 bits": 0.6526720523834229,
	"Phash 64 bits": 0.6827154159545898,
	"Dhash 64 bits": 0.6262874603271484,
	"Whash 64 bits": 1.57096529006958,
	"Crop resistant hash 64 bits": 43.97850179672241,
	"SIFT 30 descriptors": 4.6451685428619385,
	"ORB 30 descriptors": 1.226424217224121,
	"FAST + DAISY 30 descriptors": 4.64774489402771,
	"FAST + LATCH 30 descriptors": 1.3803632259368896,
	"Inception v3 raw features Jensen-Shannon": 1.940556287765503,
	"ResNet50 2x raw features Jensen-Shannon": 1.463763952255249,
	"ResNet101 2x raw features Jensen-Shannon": 1.7114007472991943,
	"SimCLR v1 ResNet50 2x raw features Jensen-Shannon": 1.6806674003601074,
	"SimCLR v2 ResNet50 2x raw features Jensen-Shannon": 1.922029733657837,
	"SimCLR v2 ResNet101 2x raw features Jensen-Shannon": 2.4733190536499023
}