{
	"Ahash 64 bits": 0.6552286148071289,
	"Phash 64 bits": 0.6795158386230469,
	"Dhash 64 bits": 0.6379539966583252,
	"Whash 64 bits": 1.5832500457763672,
	"Crop resistant hash 64 bits": 44.446779012680054,
	"Inception v3 raw features cosine": 1.9301748275756836,
	"Inception v3 raw features Jensen-Shannon": 1.4446537494659424,
	"SimCLR v1 ResNet50 2x raw features cosine": 1.8173737525939941,
	"SimCLR v1 ResNet50 2x raw features Jensen-Shannon": 1.6855485439300537
}