{
	"SIFT 30 descriptors": 3374.714977927206,
	"ORB 30 descriptors": 518.8780368590355,
	"FAST + DAISY 30 descriptors": 3487.2916488075252,
	"FAST + LATCH 30 descriptors": 512.5805401659013,
	"Inception v3 raw features Jensen-Shannon": 398.6360272598264,
	"EfficientNet B7 raw features Jensen-Shannon": 1115.4136213541028,
	"ResNet50 2x raw features Jensen-Shannon": 349.2305836939811,
	"ResNet101 2x raw features Jensen-Shannon": 380.55861117601387,
	"SimCLR v1 ResNet50 2x raw features Jensen-Shannon": 379.2896259307861,
	"SimCLR v2 ResNet50 2x raw features Jensen-Shannon": 401.63709180831927,
	"SimCLR v2 ResNet101 2x raw features Jensen-Shannon": 450.5903804564475
}