{
	"Inception v3 raw features Jensen-Shannon": 220.89397883415222,
	"EfficientNet B7 raw features Jensen-Shannon": 472.6174120903015
}