{
	"Inception v3 raw features Jensen-Shannon": 227.6070487499237,
	"EfficientNet B7 raw features Jensen-Shannon": 475.0436646938324
}