{
	"Inception v3 raw features Jensen-Shannon": {
		"Threshold 0.150": {
			"accuracy": 0.7045,
			"precision": 0.9989483425879185,
			"recall": 0.40943103448275864,
			"fpr": 0.0004310344827586207
		},
		"Threshold 0.176": {
			"accuracy": 0.7426120689655172,
			"precision": 0.9989362833741091,
			"recall": 0.48574137931034483,
			"fpr": 0.0005172413793103448
		},
		"Threshold 0.203": {
			"accuracy": 0.7798275862068965,
			"precision": 0.9976695694836256,
			"recall": 0.5609655172413793,
			"fpr": 0.001310344827586207
		},
		"Threshold 0.229": {
			"accuracy": 0.8143879310344827,
			"precision": 0.991668239544854,
			"recall": 0.6341034482758621,
			"fpr": 0.005327586206896552
		},
		"Threshold 0.255": {
			"accuracy": 0.8403189655172414,
			"precision": 0.9694166329758139,
			"recall": 0.7028103448275862,
			"fpr": 0.02217241379310345
		},
		"Threshold 0.282": {
			"accuracy": 0.84625,
			"precision": 0.9154169166166767,
			"recall": 0.763,
			"fpr": 0.0705
		},
		"Threshold 0.308": {
			"accuracy": 0.8314396551724138,
			"precision": 0.8418787458428925,
			"recall": 0.8161724137931035,
			"fpr": 0.15329310344827587
		},
		"Threshold 0.334": {
			"accuracy": 0.7952241379310345,
			"precision": 0.7598251949864951,
			"recall": 0.8633448275862069,
			"fpr": 0.2728965517241379
		},
		"Threshold 0.361": {
			"accuracy": 0.7264137931034482,
			"precision": 0.6669760699844874,
			"recall": 0.9043965517241379,
			"fpr": 0.4515689655172414
		},
		"Threshold 0.387": {
			"accuracy": 0.6261551724137931,
			"precision": 0.5767576526865703,
			"recall": 0.9479310344827586,
			"fpr": 0.6956206896551724
		},
		"Threshold 0.413": {
			"accuracy": 0.54425,
			"precision": 0.5236041239388951,
			"recall": 0.9815862068965517,
			"fpr": 0.8930862068965517
		},
		"Threshold 0.439": {
			"accuracy": 0.5106637931034482,
			"precision": 0.505418451645685,
			"recall": 0.9946896551724138,
			"fpr": 0.9733620689655172
		},
		"Threshold 0.466": {
			"accuracy": 0.5028793103448276,
			"precision": 0.5014455620379827,
			"recall": 0.9987931034482759,
			"fpr": 0.9930344827586207
		},
		"Threshold 0.492": {
			"accuracy": 0.5005775862068965,
			"precision": 0.5002890248216242,
			"recall": 0.9997758620689655,
			"fpr": 0.9986206896551724
		},
		"Threshold 0.518": {
			"accuracy": 0.5001637931034483,
			"precision": 0.5000819142056477,
			"recall": 0.9999482758620689,
			"fpr": 0.9996206896551724
		},
		"Threshold 0.545": {
			"accuracy": 0.4999913793103448,
			"precision": 0.4999956895436951,
			"recall": 0.9999655172413793,
			"fpr": 0.9999827586206896
		},
		"Threshold 0.571": {
			"accuracy": 0.4999913793103448,
			"precision": 0.49999568961801394,
			"recall": 0.9999827586206896,
			"fpr": 1.0
		},
		"Threshold 0.597": {
			"accuracy": 0.5,
			"precision": 0.5,
			"recall": 1.0,
			"fpr": 1.0
		},
		"Threshold 0.624": {
			"accuracy": 0.5,
			"precision": 0.5,
			"recall": 1.0,
			"fpr": 1.0
		},
		"Threshold 0.650": {
			"accuracy": 0.5,
			"precision": 0.5,
			"recall": 1.0,
			"fpr": 1.0
		}
	},
	"EfficientNet B7 raw features Jensen-Shannon": {
		"Threshold 0.300": {
			"accuracy": 0.8049396551724138,
			"precision": 0.9525600675520074,
			"recall": 0.6418448275862069,
			"fpr": 0.03196551724137931
		},
		"Threshold 0.332": {
			"accuracy": 0.8110086206896552,
			"precision": 0.9033022559080645,
			"recall": 0.6965862068965517,
			"fpr": 0.07456896551724138
		},
		"Threshold 0.363": {
			"accuracy": 0.8046896551724138,
			"precision": 0.8438801323214633,
			"recall": 0.7477068965517242,
			"fpr": 0.13832758620689656
		},
		"Threshold 0.395": {
			"accuracy": 0.7909051724137931,
			"precision": 0.7890364025695932,
			"recall": 0.7941379310344827,
			"fpr": 0.21232758620689654
		},
		"Threshold 0.426": {
			"accuracy": 0.7688103448275863,
			"precision": 0.737175976633808,
			"recall": 0.8355,
			"fpr": 0.29787931034482756
		},
		"Threshold 0.458": {
			"accuracy": 0.7433448275862069,
			"precision": 0.6935439635785201,
			"recall": 0.872,
			"fpr": 0.3853103448275862
		},
		"Threshold 0.489": {
			"accuracy": 0.7162844827586207,
			"precision": 0.6575962009572984,
			"recall": 0.9024827586206896,
			"fpr": 0.4699137931034483
		},
		"Threshold 0.521": {
			"accuracy": 0.6888103448275862,
			"precision": 0.627887422632255,
			"recall": 0.927,
			"fpr": 0.5493793103448276
		},
		"Threshold 0.553": {
			"accuracy": 0.656698275862069,
			"precision": 0.5989914062585093,
			"recall": 0.9481724137931035,
			"fpr": 0.6347758620689655
		},
		"Threshold 0.584": {
			"accuracy": 0.6188706896551724,
			"precision": 0.5701694570250878,
			"recall": 0.9658965517241379,
			"fpr": 0.7281551724137931
		},
		"Threshold 0.616": {
			"accuracy": 0.5722241379310344,
			"precision": 0.5397234813283517,
			"recall": 0.9813103448275862,
			"fpr": 0.8368620689655173
		},
		"Threshold 0.647": {
			"accuracy": 0.5266724137931035,
			"precision": 0.5137982089978237,
			"recall": 0.9931896551724138,
			"fpr": 0.9398448275862069
		},
		"Threshold 0.679": {
			"accuracy": 0.5051551724137932,
			"precision": 0.5025949004564942,
			"recall": 0.9984827586206897,
			"fpr": 0.9881724137931035
		},
		"Threshold 0.711": {
			"accuracy": 0.5005344827586207,
			"precision": 0.5002674211970117,
			"recall": 0.9998620689655172,
			"fpr": 0.9987931034482759
		},
		"Threshold 0.742": {
			"accuracy": 0.5000086206896551,
			"precision": 0.5000043104563049,
			"recall": 0.9999827586206896,
			"fpr": 0.9999655172413793
		},
		"Threshold 0.774": {
			"accuracy": 0.5,
			"precision": 0.5,
			"recall": 1.0,
			"fpr": 1.0
		},
		"Threshold 0.805": {
			"accuracy": 0.5,
			"precision": 0.5,
			"recall": 1.0,
			"fpr": 1.0
		},
		"Threshold 0.837": {
			"accuracy": 0.5,
			"precision": 0.5,
			"recall": 1.0,
			"fpr": 1.0
		},
		"Threshold 0.868": {
			"accuracy": 0.5,
			"precision": 0.5,
			"recall": 1.0,
			"fpr": 1.0
		},
		"Threshold 0.900": {
			"accuracy": 0.5,
			"precision": 0.5,
			"recall": 1.0,
			"fpr": 1.0
		}
	}
}