{
	"Inception v3 raw features Jensen-Shannon": {
		"Threshold 0.150": {
			"accuracy": 0.5011379310344828,
			"precision": 0.5013870208473437,
			"recall": 0.4113448275862069,
			"fpr": 0.40906896551724137
		},
		"Threshold 0.176": {
			"accuracy": 0.5013965517241379,
			"precision": 0.5014353558264815,
			"recall": 0.48787931034482757,
			"fpr": 0.48508620689655174
		},
		"Threshold 0.203": {
			"accuracy": 0.5028793103448276,
			"precision": 0.502564338799828,
			"recall": 0.5642931034482759,
			"fpr": 0.5585344827586207
		},
		"Threshold 0.229": {
			"accuracy": 0.5038534482758621,
			"precision": 0.5030360660191537,
			"recall": 0.6384655172413793,
			"fpr": 0.6307586206896552
		},
		"Threshold 0.255": {
			"accuracy": 0.504353448275862,
			"precision": 0.5030920512851912,
			"recall": 0.7083275862068965,
			"fpr": 0.6996206896551724
		},
		"Threshold 0.282": {
			"accuracy": 0.5045,
			"precision": 0.5029340348037232,
			"recall": 0.7713620689655173,
			"fpr": 0.7623620689655173
		},
		"Threshold 0.308": {
			"accuracy": 0.5036896551724138,
			"precision": 0.5022458703272255,
			"recall": 0.8251206896551724,
			"fpr": 0.8177413793103449
		},
		"Threshold 0.334": {
			"accuracy": 0.5027413793103448,
			"precision": 0.5015788219406602,
			"recall": 0.8709137931034483,
			"fpr": 0.8654310344827586
		},
		"Threshold 0.361": {
			"accuracy": 0.5017155172413793,
			"precision": 0.5009432263079563,
			"recall": 0.9111034482758621,
			"fpr": 0.9076724137931035
		},
		"Threshold 0.387": {
			"accuracy": 0.5010948275862069,
			"precision": 0.500575906258786,
			"recall": 0.9516206896551724,
			"fpr": 0.9494310344827587
		},
		"Threshold 0.413": {
			"accuracy": 0.5006034482758621,
			"precision": 0.5003070390904625,
			"recall": 0.9832931034482758,
			"fpr": 0.9820862068965517
		},
		"Threshold 0.439": {
			"accuracy": 0.5004655172413793,
			"precision": 0.5002336408161853,
			"recall": 0.9966896551724138,
			"fpr": 0.9957586206896551
		},
		"Threshold 0.466": {
			"accuracy": 0.5000086206896551,
			"precision": 0.5000043132079053,
			"recall": 0.9993448275862069,
			"fpr": 0.9993275862068965
		},
		"Threshold 0.492": {
			"accuracy": 0.4999913793103448,
			"precision": 0.49999568902339137,
			"recall": 0.9998448275862069,
			"fpr": 0.9998620689655172
		},
		"Threshold 0.518": {
			"accuracy": 0.5000172413793104,
			"precision": 0.5000086209869306,
			"recall": 0.9999827586206896,
			"fpr": 0.9999482758620689
		},
		"Threshold 0.545": {
			"accuracy": 0.5000086206896551,
			"precision": 0.500004310381986,
			"recall": 1.0,
			"fpr": 0.9999827586206896
		},
		"Threshold 0.571": {
			"accuracy": 0.5,
			"precision": 0.5,
			"recall": 1.0,
			"fpr": 1.0
		},
		"Threshold 0.597": {
			"accuracy": 0.5,
			"precision": 0.5,
			"recall": 1.0,
			"fpr": 1.0
		},
		"Threshold 0.624": {
			"accuracy": 0.5,
			"precision": 0.5,
			"recall": 1.0,
			"fpr": 1.0
		},
		"Threshold 0.650": {
			"accuracy": 0.5,
			"precision": 0.5,
			"recall": 1.0,
			"fpr": 1.0
		}
	},
	"EfficientNet B7 raw features Jensen-Shannon": {
		"Threshold 0.300": {
			"accuracy": 0.5015603448275862,
			"precision": 0.501210945340202,
			"recall": 0.6458275862068965,
			"fpr": 0.6427068965517241
		},
		"Threshold 0.332": {
			"accuracy": 0.5017327586206897,
			"precision": 0.5012410931499067,
			"recall": 0.6998103448275862,
			"fpr": 0.6963448275862069
		},
		"Threshold 0.363": {
			"accuracy": 0.5023620689655173,
			"precision": 0.5015765610255702,
			"recall": 0.7514827586206897,
			"fpr": 0.7467586206896552
		},
		"Threshold 0.395": {
			"accuracy": 0.5025172413793103,
			"precision": 0.5015813530316487,
			"recall": 0.7984310344827587,
			"fpr": 0.7933965517241379
		},
		"Threshold 0.426": {
			"accuracy": 0.5029051724137931,
			"precision": 0.5017351635790709,
			"recall": 0.840051724137931,
			"fpr": 0.8342413793103448
		},
		"Threshold 0.458": {
			"accuracy": 0.5028965517241379,
			"precision": 0.5016582438408086,
			"recall": 0.8762758620689656,
			"fpr": 0.8704827586206897
		},
		"Threshold 0.489": {
			"accuracy": 0.5019051724137931,
			"precision": 0.5010538965559996,
			"recall": 0.9057758620689655,
			"fpr": 0.9019655172413793
		},
		"Threshold 0.521": {
			"accuracy": 0.5026982758620689,
			"precision": 0.5014518837379744,
			"recall": 0.9319310344827586,
			"fpr": 0.9265344827586207
		},
		"Threshold 0.553": {
			"accuracy": 0.5022413793103448,
			"precision": 0.5011798017932987,
			"recall": 0.9521379310344827,
			"fpr": 0.9476551724137932
		},
		"Threshold 0.584": {
			"accuracy": 0.5019827586206896,
			"precision": 0.501024644938254,
			"recall": 0.9695172413793104,
			"fpr": 0.965551724137931
		},
		"Threshold 0.616": {
			"accuracy": 0.5009224137931034,
			"precision": 0.500468406629486,
			"recall": 0.985551724137931,
			"fpr": 0.9837068965517242
		},
		"Threshold 0.647": {
			"accuracy": 0.5004913793103448,
			"precision": 0.5002468708042791,
			"recall": 0.9957068965517242,
			"fpr": 0.9947241379310345
		},
		"Threshold 0.679": {
			"accuracy": 0.5001810344827586,
			"precision": 0.500090596122486,
			"recall": 0.9993103448275862,
			"fpr": 0.9989482758620689
		},
		"Threshold 0.711": {
			"accuracy": 0.4999913793103448,
			"precision": 0.4999956891720624,
			"recall": 0.9998793103448276,
			"fpr": 0.9998965517241379
		},
		"Threshold 0.742": {
			"accuracy": 0.5,
			"precision": 0.5,
			"recall": 0.9999827586206896,
			"fpr": 0.9999827586206896
		},
		"Threshold 0.774": {
			"accuracy": 0.5,
			"precision": 0.5,
			"recall": 1.0,
			"fpr": 1.0
		},
		"Threshold 0.805": {
			"accuracy": 0.5,
			"precision": 0.5,
			"recall": 1.0,
			"fpr": 1.0
		},
		"Threshold 0.837": {
			"accuracy": 0.5,
			"precision": 0.5,
			"recall": 1.0,
			"fpr": 1.0
		},
		"Threshold 0.868": {
			"accuracy": 0.5,
			"precision": 0.5,
			"recall": 1.0,
			"fpr": 1.0
		},
		"Threshold 0.900": {
			"accuracy": 0.5,
			"precision": 0.5,
			"recall": 1.0,
			"fpr": 1.0
		}
	}
}