{
	"Inception v3 raw features Jensen-Shannon": 1620.2599260449417,
	"EfficientNet B7 raw features Jensen-Shannon": 3311.094132363798
}