{
	"Inception v3 raw features Jensen-Shannon": 1626.9867209076876,
	"EfficientNet B7 raw features Jensen-Shannon": 3288.0079584121695
}