{
	"SIFT 30 descriptors": {
		"Threshold 0.000": {
			"accuracy": 0.5197758620689655,
			"precision": 0.999129677980853,
			"recall": 0.03958620689655173,
			"fpr": 3.4482758620689657e-05
		},
		"Threshold 15.789": {
			"accuracy": 0.7113706896551724,
			"precision": 0.9945540360643834,
			"recall": 0.4250689655172414,
			"fpr": 0.0023275862068965515
		},
		"Threshold 31.579": {
			"accuracy": 0.799603448275862,
			"precision": 0.9703605456907752,
			"recall": 0.6180862068965517,
			"fpr": 0.018879310344827586
		},
		"Threshold 47.368": {
			"accuracy": 0.8358362068965517,
			"precision": 0.902506560866241,
			"recall": 0.7530172413793104,
			"fpr": 0.0813448275862069
		},
		"Threshold 63.158": {
			"accuracy": 0.8358706896551724,
			"precision": 0.8453070991757511,
			"recall": 0.8222068965517242,
			"fpr": 0.1504655172413793
		},
		"Threshold 78.947": {
			"accuracy": 0.8048103448275862,
			"precision": 0.772244294557886,
			"recall": 0.8646206896551724,
			"fpr": 0.255
		},
		"Threshold 94.737": {
			"accuracy": 0.7519655172413793,
			"precision": 0.6947702313679497,
			"recall": 0.8987931034482759,
			"fpr": 0.39486206896551723
		},
		"Threshold 110.526": {
			"accuracy": 0.6871637931034483,
			"precision": 0.625585673133655,
			"recall": 0.9323275862068966,
			"fpr": 0.558
		},
		"Threshold 126.316": {
			"accuracy": 0.6236982758620689,
			"precision": 0.5741297541923684,
			"recall": 0.9580344827586207,
			"fpr": 0.7106379310344828
		},
		"Threshold 142.105": {
			"accuracy": 0.5718620689655173,
			"precision": 0.5397421717075404,
			"recall": 0.9759655172413794,
			"fpr": 0.8322413793103448
		},
		"Threshold 157.895": {
			"accuracy": 0.5357931034482759,
			"precision": 0.5188231027291685,
			"recall": 0.9865689655172414,
			"fpr": 0.9149827586206897
		},
		"Threshold 173.684": {
			"accuracy": 0.5148620689655172,
			"precision": 0.5075792213273309,
			"recall": 0.9953103448275862,
			"fpr": 0.9655862068965517
		},
		"Threshold 189.474": {
			"accuracy": 0.5049568965517242,
			"precision": 0.5024943822174407,
			"recall": 0.9985689655172414,
			"fpr": 0.9886551724137931
		},
		"Threshold 205.263": {
			"accuracy": 0.5010517241379311,
			"precision": 0.5005266884249426,
			"recall": 0.9994827586206897,
			"fpr": 0.9973793103448276
		},
		"Threshold 221.053": {
			"accuracy": 0.5000689655172413,
			"precision": 0.5000344922737306,
			"recall": 0.9997931034482759,
			"fpr": 0.9996551724137931
		},
		"Threshold 236.842": {
			"accuracy": 0.49997413793103446,
			"precision": 0.49998706796216946,
			"recall": 0.9998965517241379,
			"fpr": 0.9999482758620689
		},
		"Threshold 252.632": {
			"accuracy": 0.49997413793103446,
			"precision": 0.4999870681851491,
			"recall": 0.9999137931034483,
			"fpr": 0.9999655172413793
		},
		"Threshold 268.421": {
			"accuracy": 0.49998275862068964,
			"precision": 0.499991378864424,
			"recall": 0.9999310344827587,
			"fpr": 0.9999655172413793
		},
		"Threshold 284.211": {
			"accuracy": 0.49998275862068964,
			"precision": 0.499991378864424,
			"recall": 0.9999310344827587,
			"fpr": 0.9999655172413793
		},
		"Threshold 300.000": {
			"accuracy": 0.49998275862068964,
			"precision": 0.499991378864424,
			"recall": 0.9999310344827587,
			"fpr": 0.9999655172413793
		}
	},
	"ORB 30 descriptors": {
		"Threshold 0.000": {
			"accuracy": 0.6330431034482759,
			"precision": 0.999288256227758,
			"recall": 0.26627586206896553,
			"fpr": 0.0001896551724137931
		},
		"Threshold 0.016": {
			"accuracy": 0.7396896551724138,
			"precision": 0.9983510180671064,
			"recall": 0.48017241379310344,
			"fpr": 0.000793103448275862
		},
		"Threshold 0.032": {
			"accuracy": 0.8038448275862069,
			"precision": 0.9958080126040963,
			"recall": 0.6102586206896552,
			"fpr": 0.0025689655172413794
		},
		"Threshold 0.047": {
			"accuracy": 0.8541724137931035,
			"precision": 0.9869618812820027,
			"recall": 0.7178275862068966,
			"fpr": 0.009482758620689655
		},
		"Threshold 0.063": {
			"accuracy": 0.8805172413793103,
			"precision": 0.959619309425632,
			"recall": 0.7944655172413793,
			"fpr": 0.03343103448275862
		},
		"Threshold 0.079": {
			"accuracy": 0.867301724137931,
			"precision": 0.8812706935123042,
			"recall": 0.8489827586206896,
			"fpr": 0.11437931034482758
		},
		"Threshold 0.095": {
			"accuracy": 0.8061379310344827,
			"precision": 0.7629194183670448,
			"recall": 0.8883275862068966,
			"fpr": 0.27605172413793105
		},
		"Threshold 0.111": {
			"accuracy": 0.7020086206896552,
			"precision": 0.6408791948729664,
			"recall": 0.9189655172413793,
			"fpr": 0.5149482758620689
		},
		"Threshold 0.126": {
			"accuracy": 0.5948189655172413,
			"precision": 0.5555319943857098,
			"recall": 0.948551724137931,
			"fpr": 0.7589137931034483
		},
		"Threshold 0.142": {
			"accuracy": 0.5287155172413793,
			"precision": 0.5152199142823201,
			"recall": 0.9720689655172414,
			"fpr": 0.9146379310344828
		},
		"Threshold 0.158": {
			"accuracy": 0.5059396551724138,
			"precision": 0.5030269481860277,
			"recall": 0.9870689655172413,
			"fpr": 0.9751896551724137
		},
		"Threshold 0.174": {
			"accuracy": 0.49974137931034485,
			"precision": 0.49986993618201997,
			"recall": 0.993948275862069,
			"fpr": 0.9944655172413793
		},
		"Threshold 0.189": {
			"accuracy": 0.49869827586206894,
			"precision": 0.49934750105869036,
			"recall": 0.9961896551724138,
			"fpr": 0.9987931034482759
		},
		"Threshold 0.205": {
			"accuracy": 0.49854310344827585,
			"precision": 0.4992701738627236,
			"recall": 0.9966551724137931,
			"fpr": 0.9995689655172414
		},
		"Threshold 0.221": {
			"accuracy": 0.49853448275862067,
			"precision": 0.49926591242767077,
			"recall": 0.9967241379310345,
			"fpr": 0.9996551724137931
		},
		"Threshold 0.237": {
			"accuracy": 0.49851724137931036,
			"precision": 0.4992572889318779,
			"recall": 0.9967241379310345,
			"fpr": 0.9996896551724138
		},
		"Threshold 0.253": {
			"accuracy": 0.49851724137931036,
			"precision": 0.4992572889318779,
			"recall": 0.9967241379310345,
			"fpr": 0.9996896551724138
		},
		"Threshold 0.268": {
			"accuracy": 0.49851724137931036,
			"precision": 0.4992572889318779,
			"recall": 0.9967241379310345,
			"fpr": 0.9996896551724138
		},
		"Threshold 0.284": {
			"accuracy": 0.49851724137931036,
			"precision": 0.4992572889318779,
			"recall": 0.9967241379310345,
			"fpr": 0.9996896551724138
		},
		"Threshold 0.300": {
			"accuracy": 0.49851724137931036,
			"precision": 0.4992572889318779,
			"recall": 0.9967241379310345,
			"fpr": 0.9996896551724138
		}
	},
	"FAST + DAISY 30 descriptors": {
		"Threshold 0.000": {
			"accuracy": 0.5144396551724137,
			"precision": 0.9994036970781157,
			"recall": 0.02889655172413793,
			"fpr": 1.7241379310344828e-05
		},
		"Threshold 0.021": {
			"accuracy": 0.6438448275862069,
			"precision": 0.9781636863823934,
			"recall": 0.2942586206896552,
			"fpr": 0.0065689655172413795
		},
		"Threshold 0.042": {
			"accuracy": 0.7071724137931035,
			"precision": 0.8166438283967534,
			"recall": 0.5343103448275862,
			"fpr": 0.11996551724137931
		},
		"Threshold 0.063": {
			"accuracy": 0.6579913793103448,
			"precision": 0.6283673040554738,
			"recall": 0.7733793103448275,
			"fpr": 0.45739655172413796
		},
		"Threshold 0.084": {
			"accuracy": 0.5647068965517241,
			"precision": 0.5391247237396272,
			"recall": 0.8916379310344827,
			"fpr": 0.7622241379310345
		},
		"Threshold 0.105": {
			"accuracy": 0.5185862068965518,
			"precision": 0.5101673174504366,
			"recall": 0.9326034482758621,
			"fpr": 0.8954310344827586
		},
		"Threshold 0.126": {
			"accuracy": 0.5040258620689655,
			"precision": 0.5021435194110141,
			"recall": 0.9431034482758621,
			"fpr": 0.935051724137931
		},
		"Threshold 0.147": {
			"accuracy": 0.4991206896551724,
			"precision": 0.4995383612730367,
			"recall": 0.9515,
			"fpr": 0.9532586206896552
		},
		"Threshold 0.168": {
			"accuracy": 0.49854310344827585,
			"precision": 0.4992499090126317,
			"recall": 0.9696896551724138,