{
	"SimCLR v2 ResNet50 2x raw features cosine": {
		"Threshold 0.000": {
			"accuracy": 0.5012068965517241,
			"precision": 1.0,
			"recall": 0.002413793103448276,
			"fpr": 0.0
		},
		"Threshold 0.021": {
			"accuracy": 0.7273275862068965,
			"precision": 1.0,
			"recall": 0.4546551724137931,
			"fpr": 0.0
		},
		"Threshold 0.042": {
			"accuracy": 0.7803448275862069,
			"precision": 1.0,
			"recall": 0.5606896551724138,
			"fpr": 0.0
		},
		"Threshold 0.063": {
			"accuracy": 0.8166379310344828,
			"precision": 1.0,
			"recall": 0.6332758620689655,
			"fpr": 0.0
		},
		"Threshold 0.084": {
			"accuracy": 0.8445689655172414,
			"precision": 0.9997499374843711,
			"recall": 0.6893103448275862,
			"fpr": 0.00017241379310344826
		},
		"Threshold 0.105": {
			"accuracy": 0.8682758620689656,
			"precision": 0.9981343283582089,
			"recall": 0.7379310344827587,
			"fpr": 0.001379310344827586
		},
		"Threshold 0.126": {
			"accuracy": 0.8893103448275862,
			"precision": 0.9919389978213508,
			"recall": 0.785,
			"fpr": 0.006379310344827587
		},
		"Threshold 0.147": {
			"accuracy": 0.9081034482758621,
			"precision": 0.9795380875202593,
			"recall": 0.8336206896551724,
			"fpr": 0.017413793103448275
		},
		"Threshold 0.168": {
			"accuracy": 0.9228448275862069,
			"precision": 0.9647527003979534,
			"recall": 0.8777586206896552,
			"fpr": 0.03206896551724138
		},
		"Threshold 0.189": {
			"accuracy": 0.9230172413793103,
			"precision": 0.9302121690338419,
			"recall": 0.9146551724137931,
			"fpr": 0.06862068965517241
		},
		"Threshold 0.211": {
			"accuracy": 0.9043965517241379,
			"precision": 0.8766661313634174,
			"recall": 0.9412068965517242,
			"fpr": 0.13241379310344828
		},
		"Threshold 0.232": {
			"accuracy": 0.8793965517241379,
			"precision": 0.8248929573305773,
			"recall": 0.9632758620689655,
			"fpr": 0.20448275862068965
		},
		"Threshold 0.253": {
			"accuracy": 0.8072413793103448,
			"precision": 0.7284029735965137,
			"recall": 0.9798275862068966,
			"fpr": 0.3653448275862069
		},
		"Threshold 0.274": {
			"accuracy": 0.7229310344827586,
			"precision": 0.6453462230215827,
			"recall": 0.9898275862068966,
			"fpr": 0.5439655172413793
		},
		"Threshold 0.295": {
			"accuracy": 0.6443965517241379,
			"precision": 0.5847929533259086,
			"recall": 0.9958620689655172,
			"fpr": 0.7070689655172414
		},
		"Threshold 0.316": {
			"accuracy": 0.5823275862068965,
			"precision": 0.544932718547097,
			"recall": 0.998448275862069,
			"fpr": 0.8337931034482758
		},
		"Threshold 0.337": {
			"accuracy": 0.5294827586206896,
			"precision": 0.5152,
			"recall": 0.9993103448275862,
			"fpr": 0.9403448275862069
		},
		"Threshold 0.358": {
			"accuracy": 0.5066379310344827,
			"precision": 0.5033411437993578,
			"recall": 1.0,
			"fpr": 0.9867241379310345
		},
		"Threshold 0.379": {
			"accuracy": 0.5002586206896552,
			"precision": 0.5001293437958093,
			"recall": 1.0,
			"fpr": 0.9994827586206897
		},
		"Threshold 0.400": {
			"accuracy": 0.5,
			"precision": 0.5,
			"recall": 1.0,
			"fpr": 1.0
		}
	},
	"SimCLR v2 ResNet50 2x raw features L2": {
		"Threshold 3.000": {
			"accuracy": 0.7946551724137931,
			"precision": 1.0,
			"recall": 0.5893103448275862,
			"fpr": 0.0
		},
		"Threshold 3.474": {
			"accuracy": 0.8212068965517242,
			"precision": 1.0,
			"recall": 0.6424137931034483,
			"fpr": 0.0
		},
		"Threshold 3.947": {
			"accuracy": 0.8460344827586207,
			"precision": 1.0,
			"recall": 0.6920689655172414,
			"fpr": 0.0
		},
		"Threshold 4.421": {
			"accuracy": 0.8687931034482759,
			"precision": 0.9992997198879552,
			"recall": 0.738103448275862,
			"fpr": 0.0005172413793103448
		},
		"Threshold 4.895": {
			"accuracy": 0.8944827586206896,
			"precision": 0.9909871244635193,
			"recall": 0.7962068965517242,
			"fpr": 0.007241379310344828
		},
		"Threshold 5.368": {
			"accuracy": 0.905,
			"precision": 0.9548799380325329,
			"recall": 0.8501724137931035,
			"fpr": 0.04017241379310345
		},
		"Threshold 5.842": {
			"accuracy": 0.8790517241379311,
			"precision": 0.8662335498917209,
			"recall": 0.896551724137931,
			"fpr": 0.13844827586206895
		},
		"Threshold 6.316": {
			"accuracy": 0.8083620689655172,
			"precision": 0.7457068278609699,
			"recall": 0.9358620689655173,
			"fpr": 0.31913793103448274
		},
		"Threshold 6.789": {
			"accuracy": 0.6973275862068965,
			"precision": 0.6284079434533827,
			"recall": 0.9656896551724138,
			"fpr": 0.5710344827586207
		},
		"Threshold 7.263": {
			"accuracy": 0.6236206896551724,
			"precision": 0.5718149038461539,
			"recall": 0.9843103448275862,
			"fpr": 0.7370689655172413
		},
		"Threshold 7.737": {
			"accuracy": 0.5785344827586207,
			"precision": 0.5429352436610425,
			"recall": 0.993103448275862,
			"fpr": 0.8360344827586207
		},
		"Threshold 8.211": {
			"accuracy": 0.5442241379310345,
			"precision": 0.5231895850284785,
			"recall": 0.9977586206896552,
			"fpr": 0.9093103448275862
		},
		"Threshold 8.684": {
			"accuracy": 0.5235344827586207,
			"precision": 0.5120529801324504,
			"recall": 0.9998275862068966,
			"fpr": 0.9527586206896552
		},
		"Threshold 9.158": {
			"accuracy": 0.5122413793103449,
			"precision": 0.506197625698324,
			"recall": 0.9998275862068966,
			"fpr": 0.9753448275862069
		},
		"Threshold 9.632": {
			"accuracy": 0.5079310344827587,
			"precision": 0.5039972193256865,
			"recall": 1.0,
			"fpr": 0.9841379310344828
		},
		"Threshold 10.105": {
			"accuracy": 0.5040517241379311,
			"precision": 0.5020341036960096,
			"recall": 1.0,
			"fpr": 0.9918965517241379
		},
		"Threshold 10.579": {
			"accuracy": 0.5007758620689655,
			"precision": 0.5003882322491588,
			"recall": 1.0,
			"fpr": 0.998448275862069
		},
		"Threshold 11.053": {
			"accuracy": 0.5,
			"precision": 0.5,
			"recall": 1.0,
			"fpr": 1.0
		},
		"Threshold 11.526": {
			"accuracy": 0.5,
			"precision": 0.5,
			"recall": 1.0,
			"fpr": 1.0
		},
		"Threshold 12.000": {
			"accuracy": 0.5,
			"precision": 0.5,
			"recall": 1.0,
			"fpr": 1.0
		}
	},
	"SimCLR v2 ResNet50 2x raw features L1": {
		"Threshold 80.000": {
			"accuracy": 0.8464655172413793,
			"precision": 1.0,
			"recall": 0.6929310344827586,
			"fpr": 0.0
		},
		"Threshold 88.947": {
			"accuracy": 0.8712068965517241,
			"precision": 0.9995359628770302,
			"recall": 0.7427586206896551,
			"fpr": 0.0003448275862068965
		},
		"Threshold 97.895": {
			"accuracy": 0.895,
			"precision": 0.991841992271361,
			"recall": 0.7965517241379311,
			"fpr": 0.006551724137931035
		},
		"Threshold 106.842": {
			"accuracy": 0.9124137931034483,
			"precision": 0.9803212851405623,
			"recall": 0.8417241379310345,
			"fpr": 0.01689655172413793
		},
		"Threshold 115.789": {
			"accuracy": 0.9237068965517241,
			"precision": 0.9623706491063029,
			"recall": 0.881896551724138,
			"fpr": 0.034482758620689655
		},
		"Threshold 124.737": {
			"accuracy": 0.9218103448275862,
			"precision": 0.930797675647121,
			"recall": 0.9113793103448276,
			"fpr": 0.06775862068965517
		},
		"Threshold 133.684": {
			"accuracy": 0.8919827586206897,
			"precision": 0.8577498033044847,
			"recall": 0.9398275862068965,
			"fpr": 0.15586206896551724
		},
		"Threshold 142.632": {
			"accuracy": 0.8212931034482759,
			"precision": 0.7515863372485486,
			"recall": 0.9598275862068966,
			"fpr": 0.31724137931034485
		},
		"Threshold 151.579": {
			"accuracy": 0.7435344827586207,
			"precision": 0.6670214023885539,
			"recall": 0.9725862068965517,
			"fpr": 0.48551724137931035
		},
		"Threshold 160.526": {
			"accuracy": 0.6618103448275862,
			"precision": 0.5984888235911429,
			"recall": 0.9832758620689656,
			"fpr": 0.6596551724137931
		},
		"Threshold 169.474": {
			"accuracy": 0.5973275862068965,
			"precision": 0.5543886694286541,
			"recall": 0.9920689655172413,
			"fpr": 0.7974137931034483
		},
		"Threshold 178.421": {
			"accuracy": 0.5520689655172414,
			"precision": 0.5275799086757991,
			"recall": 0.9960344827586207,
			"fpr": 0.891896551724138
		},