{
	"Ahash 64 bits": 17798.186911332607,
	"Phash 64 bits": 17837.84976569414,
	"Dhash 64 bits": 17768.721058201787,
	"Whash 64 bits": 19062.961633980274
}