{
	"EfficientNet B7 raw features Jensen-Shannon": {
		"Threshold 0.000": {
			"accuracy": 0.5,
			"precision": 0,
			"recall": 0.0,
			"fpr": 0.0
		},
		"Threshold 0.042": {
			"accuracy": 0.5039655172413793,
			"precision": 1.0,
			"recall": 0.007931034482758621,
			"fpr": 0.0
		},
		"Threshold 0.084": {
			"accuracy": 0.5466379310344828,
			"precision": 1.0,
			"recall": 0.09327586206896551,
			"fpr": 0.0
		},
		"Threshold 0.126": {
			"accuracy": 0.6043103448275862,
			"precision": 1.0,
			"recall": 0.20862068965517241,
			"fpr": 0.0
		},
		"Threshold 0.168": {
			"accuracy": 0.660948275862069,
			"precision": 1.0,
			"recall": 0.32189655172413795,
			"fpr": 0.0
		},
		"Threshold 0.211": {
			"accuracy": 0.7072413793103448,
			"precision": 1.0,
			"recall": 0.4144827586206897,
			"fpr": 0.0
		},
		"Threshold 0.253": {
			"accuracy": 0.7481034482758621,
			"precision": 1.0,
			"recall": 0.4962068965517241,
			"fpr": 0.0
		},
		"Threshold 0.295": {
			"accuracy": 0.7863793103448276,
			"precision": 1.0,
			"recall": 0.5727586206896552,
			"fpr": 0.0
		},
		"Threshold 0.337": {
			"accuracy": 0.8211206896551724,
			"precision": 1.0,
			"recall": 0.6422413793103449,
			"fpr": 0.0
		},
		"Threshold 0.379": {
			"accuracy": 0.8518103448275862,
			"precision": 0.9854865572210326,
			"recall": 0.7141379310344828,
			"fpr": 0.010517241379310345
		},
		"Threshold 0.421": {
			"accuracy": 0.8814655172413793,
			"precision": 0.9692470837751855,
			"recall": 0.7879310344827586,
			"fpr": 0.025
		},
		"Threshold 0.463": {
			"accuracy": 0.9017241379310345,
			"precision": 0.9448262695685377,
			"recall": 0.8532758620689656,
			"fpr": 0.04982758620689655
		},
		"Threshold 0.505": {
			"accuracy": 0.9177586206896552,
			"precision": 0.9329878484631879,
			"recall": 0.9001724137931034,
			"fpr": 0.06465517241379311
		},
		"Threshold 0.547": {
			"accuracy": 0.9150862068965517,
			"precision": 0.8982630272952854,
			"recall": 0.9362068965517242,
			"fpr": 0.1060344827586207
		},
		"Threshold 0.589": {
			"accuracy": 0.8725862068965518,
			"precision": 0.8140075559430399,
			"recall": 0.9658620689655173,
			"fpr": 0.2206896551724138
		},
		"Threshold 0.632": {
			"accuracy": 0.7848275862068965,
			"precision": 0.7026993865030675,
			"recall": 0.9874137931034482,
			"fpr": 0.4177586206896552
		},
		"Threshold 0.674": {
			"accuracy": 0.6553448275862069,
			"precision": 0.592391304347826,
			"recall": 0.9960344827586207,
			"fpr": 0.6853448275862069
		},
		"Threshold 0.716": {
			"accuracy": 0.590948275862069,
			"precision": 0.5500806987562897,
			"recall": 0.9989655172413793,
			"fpr": 0.8170689655172414
		},
		"Threshold 0.758": {
			"accuracy": 0.5551724137931034,
			"precision": 0.5291970802919708,
			"recall": 1.0,
			"fpr": 0.8896551724137931
		},
		"Threshold 0.800": {
			"accuracy": 0.5275,
			"precision": 0.5141388174807198,
			"recall": 1.0,
			"fpr": 0.945
		}
	}
}