{
	"Ahash 64 bits": 3.886097967624663,
	"Phash 64 bits": 3.2073302149772664,
	"Dhash 64 bits": 2.690828573703767,
	"Whash 64 bits": 15.672173750400544,
	"Crop resistant hash 64 bits": 427.19594559669497,
	"SIFT 30 descriptors": 66.90218544006348,
	"ORB 30 descriptors": 14.19511420726776,
	"FAST + DAISY 30 descriptors": 69.81179146766667,
	"FAST + LATCH 30 descriptors": 14.932477271556854,
	"Inception v3 raw features Jensen-Shannon": 11.681101024150852,
	"EfficientNet B7 raw features Jensen-Shannon": 57.34086833000184,
	"ResNet50 2x raw features Jensen-Shannon": 11.805878210067746,
	"ResNet101 2x raw features Jensen-Shannon": 14.608706283569335,
	"SimCLR v1 ResNet50 2x raw features Jensen-Shannon": 14.538733398914339,
	"SimCLR v2 ResNet50 2x raw features Jensen-Shannon": 17.239793789386752,
	"SimCLR v2 ResNet101 2x raw features Jensen-Shannon": 22.77554144859315
}