{
	"Ahash 64 bits": 123.60943055152893,
	"Phash 64 bits": 104.58168959617615,
	"Dhash 64 bits": 89.20878481864929,
	"Whash 64 bits": 565.7849757671356,
	"Crop resistant hash 64 bits": 8984.013673067093,
	"SIFT 30 descriptors": 2710.1260743141174,
	"ORB 30 descriptors": 427.299325466156,
	"FAST + DAISY 30 descriptors": 2851.7374897003174,
	"FAST + LATCH 30 descriptors": 415.33517265319824,
	"Inception v3 raw features Jensen-Shannon": 346.67876529693604,
	"EfficientNet B7 raw features Jensen-Shannon": 1303.3722639083862,
	"ResNet50 2x raw features Jensen-Shannon": 341.6647744178772,
	"ResNet101 2x raw features Jensen-Shannon": 401.1999137401581,
	"SimCLR v1 ResNet50 2x raw features Jensen-Shannon": 410.08881282806396,
	"SimCLR v2 ResNet50 2x raw features Jensen-Shannon": 459.3942120075226,
	"SimCLR v2 ResNet101 2x raw features Jensen-Shannon": 576.1222841739655
}