{
	"Ahash 64 bits": 28.18854587872823,
	"Ahash 121 bits": 29.20980305671692,
	"Ahash 169 bits": 29.6528649409612,
	"Ahash 256 bits": 30.363352942466737,
	"Dhash 64 bits": 28.314845641454056,
	"Dhash 121 bits": 28.96829214890798,
	"Dhash 169 bits": 29.690692162513734,
	"Dhash 256 bits": 30.21550219058991,
	"Phash 64 bits": 32.07821337381999,
	"Phash 121 bits": 33.51140071551005,
	"Phash 169 bits": 34.28288327852885,
	"Phash 256 bits": 36.17822119394938,
	"Crop resistant hash 64 bits": 4494.281669640541,
	"Crop resistant hash 121 bits": 4505.459438991546,
	"Crop resistant hash 169 bits": 4518.998646704355,
	"Crop resistant hash 256 bits": 4519.482779399554
}