{
	"ResNet50 2x raw features L2": 1.5956580638885498,
	"ResNet50 2x raw features L1": 1.13438081741333
}