{
	"SimCLR v1 ResNet50 2x raw features cosine": 1.9364409446716309,
	"SimCLR v1 ResNet50 2x raw features L2": 1.170520544052124,
	"SimCLR v1 ResNet50 2x raw features L1": 1.1690895557403564,
	"SimCLR v1 ResNet50 2x raw features Jensen-Shannon": 1.169234275817871
}