{
	"ResNet50 2x raw features L2": {
		"Threshold 10.000": {
			"accuracy": 0.8093965517241379,
			"precision": 0.9856562922868741,
			"recall": 0.6279310344827587,
			"fpr": 0.009137931034482759
		},
		"Threshold 10.526": {
			"accuracy": 0.8199137931034483,
			"precision": 0.9785916946092339,
			"recall": 0.6541379310344828,
			"fpr": 0.014310344827586207
		},
		"Threshold 11.053": {
			"accuracy": 0.8305172413793104,
			"precision": 0.9687041564792176,
			"recall": 0.6831034482758621,
			"fpr": 0.022068965517241378
		},
		"Threshold 11.579": {
			"accuracy": 0.8368965517241379,
			"precision": 0.9559029398040131,
			"recall": 0.7063793103448276,
			"fpr": 0.03258620689655172
		},
		"Threshold 12.105": {
			"accuracy": 0.845,
			"precision": 0.9446666666666667,
			"recall": 0.7329310344827586,
			"fpr": 0.04293103448275862
		},
		"Threshold 12.632": {
			"accuracy": 0.8525862068965517,
			"precision": 0.9334463755828741,
			"recall": 0.7593103448275862,
			"fpr": 0.05413793103448276
		},
		"Threshold 13.158": {
			"accuracy": 0.8545689655172414,
			"precision": 0.9199509904022871,
			"recall": 0.7767241379310345,
			"fpr": 0.06758620689655172
		},
		"Threshold 13.684": {
			"accuracy": 0.854396551724138,
			"precision": 0.9018572825024438,
			"recall": 0.795344827586207,
			"fpr": 0.08655172413793104
		},
		"Threshold 14.211": {
			"accuracy": 0.8537068965517242,
			"precision": 0.8822433389230483,
			"recall": 0.8163793103448276,
			"fpr": 0.10896551724137932
		},
		"Threshold 14.737": {
			"accuracy": 0.8458620689655172,
			"precision": 0.8523006673691605,
			"recall": 0.8367241379310345,
			"fpr": 0.145
		},
		"Threshold 15.263": {
			"accuracy": 0.8375,
			"precision": 0.8267401101652478,
			"recall": 0.8539655172413793,
			"fpr": 0.17896551724137932
		},
		"Threshold 15.789": {
			"accuracy": 0.8305172413793104,
			"precision": 0.8048664122137404,
			"recall": 0.8725862068965518,
			"fpr": 0.21155172413793102
		},
		"Threshold 16.316": {
			"accuracy": 0.8171551724137931,
			"precision": 0.7787543567207152,
			"recall": 0.8860344827586207,
			"fpr": 0.2517241379310345
		},
		"Threshold 16.842": {
			"accuracy": 0.8025,
			"precision": 0.7527733755942948,
			"recall": 0.9008620689655172,
			"fpr": 0.29586206896551726
		},
		"Threshold 17.368": {
			"accuracy": 0.7873275862068966,
			"precision": 0.7296403472509302,
			"recall": 0.9129310344827586,
			"fpr": 0.33827586206896554
		},
		"Threshold 17.895": {
			"accuracy": 0.7685344827586207,
			"precision": 0.7042087321358332,
			"recall": 0.9260344827586207,
			"fpr": 0.3889655172413793
		},
		"Threshold 18.421": {
			"accuracy": 0.7504310344827586,
			"precision": 0.6821316614420063,
			"recall": 0.9379310344827586,
			"fpr": 0.4370689655172414
		},
		"Threshold 18.947": {
			"accuracy": 0.7280172413793103,
			"precision": 0.6588588588588589,
			"recall": 0.9456896551724138,
			"fpr": 0.4896551724137931
		},
		"Threshold 19.474": {
			"accuracy": 0.7060344827586207,
			"precision": 0.6376093965914326,
			"recall": 0.954655172413793,
			"fpr": 0.5425862068965517
		},
		"Threshold 20.000": {
			"accuracy": 0.680948275862069,
			"precision": 0.6156728755648628,
			"recall": 0.963103448275862,
			"fpr": 0.6012068965517241
		}
	},
	"ResNet50 2x raw features L1": {
		"Threshold 250.000": {
			"accuracy": 0.7910344827586206,
			"precision": 0.9842226047045324,
			"recall": 0.591551724137931,
			"fpr": 0.009482758620689655
		},
		"Threshold 289.474": {
			"accuracy": 0.8238793103448275,
			"precision": 0.9648601831229894,
			"recall": 0.6722413793103448,
			"fpr": 0.024482758620689656
		},
		"Threshold 328.947": {
			"accuracy": 0.8418965517241379,
			"precision": 0.9275549805950841,
			"recall": 0.7417241379310345,
			"fpr": 0.057931034482758624
		},
		"Threshold 368.421": {
			"accuracy": 0.8380172413793103,
			"precision": 0.8681690140845071,
			"recall": 0.7970689655172414,
			"fpr": 0.12103448275862069
		},
		"Threshold 407.895": {
			"accuracy": 0.8105172413793104,
			"precision": 0.7866921362623368,
			"recall": 0.8520689655172414,
			"fpr": 0.23103448275862068
		},
		"Threshold 447.368": {
			"accuracy": 0.7753448275862069,
			"precision": 0.7225473801560758,
			"recall": 0.8939655172413793,
			"fpr": 0.34327586206896554
		},
		"Threshold 486.842": {
			"accuracy": 0.7336206896551725,
			"precision": 0.6688683948155534,
			"recall": 0.9253448275862068,
			"fpr": 0.4581034482758621
		},
		"Threshold 526.316": {
			"accuracy": 0.6976724137931034,
			"precision": 0.6311935004005035,
			"recall": 0.9510344827586207,
			"fpr": 0.5556896551724138
		},
		"Threshold 565.789": {
			"accuracy": 0.6471551724137931,
			"precision": 0.5892689049262629,
			"recall": 0.9713793103448276,
			"fpr": 0.6770689655172414
		},
		"Threshold 605.263": {
			"accuracy": 0.5937068965517242,
			"precision": 0.552507004154188,
			"recall": 0.9860344827586207,
			"fpr": 0.7986206896551724
		},
		"Threshold 644.737": {
			"accuracy": 0.5405172413793103,
			"precision": 0.52125927266148,
			"recall": 0.993448275862069,
			"fpr": 0.9124137931034483
		},
		"Threshold 684.211": {
			"accuracy": 0.5114655172413793,
			"precision": 0.5058103975535169,
			"recall": 0.9981034482758621,
			"fpr": 0.9751724137931035
		},
		"Threshold 723.684": {
			"accuracy": 0.5028448275862069,
			"precision": 0.5014274591227614,
			"recall": 0.9993103448275862,
			"fpr": 0.9936206896551724
		},
		"Threshold 763.158": {
			"accuracy": 0.5005172413793103,
			"precision": 0.5002587991718427,
			"recall": 0.9998275862068966,
			"fpr": 0.9987931034482759
		},
		"Threshold 802.632": {
			"accuracy": 0.5,
			"precision": 0.5,
			"recall": 1.0,
			"fpr": 1.0
		},
		"Threshold 842.105": {
			"accuracy": 0.5,
			"precision": 0.5,
			"recall": 1.0,
			"fpr": 1.0
		},
		"Threshold 881.579": {
			"accuracy": 0.5,
			"precision": 0.5,
			"recall": 1.0,
			"fpr": 1.0
		},
		"Threshold 921.053": {
			"accuracy": 0.5,
			"precision": 0.5,
			"recall": 1.0,
			"fpr": 1.0
		},
		"Threshold 960.526": {
			"accuracy": 0.5,
			"precision": 0.5,
			"recall": 1.0,
			"fpr": 1.0
		},
		"Threshold 1000.000": {
			"accuracy": 0.5,
			"precision": 0.5,
			"recall": 1.0,
			"fpr": 1.0
		}
	}
}