{
	"SimCLR v1 ResNet50 2x raw features cosine": {
		"Threshold 0.050": {
			"accuracy": 0.7923275862068966,
			"precision": 1.0,
			"recall": 0.5846551724137931,
			"fpr": 0.0
		},
		"Threshold 0.071": {
			"accuracy": 0.8253448275862069,
			"precision": 1.0,
			"recall": 0.6506896551724138,
			"fpr": 0.0
		},
		"Threshold 0.092": {
			"accuracy": 0.8493103448275862,
			"precision": 0.9995069033530573,
			"recall": 0.6989655172413793,
			"fpr": 0.0003448275862068965
		},
		"Threshold 0.113": {
			"accuracy": 0.8671551724137931,
			"precision": 0.986298241607673,
			"recall": 0.7446551724137931,
			"fpr": 0.010344827586206896
		},
		"Threshold 0.134": {
			"accuracy": 0.8843103448275862,
			"precision": 0.9746592844974447,
			"recall": 0.7891379310344827,
			"fpr": 0.020517241379310346
		},
		"Threshold 0.155": {
			"accuracy": 0.8943103448275862,
			"precision": 0.956122856003191,
			"recall": 0.826551724137931,
			"fpr": 0.03793103448275862
		},
		"Threshold 0.176": {
			"accuracy": 0.9064655172413794,
			"precision": 0.9402427637721755,
			"recall": 0.868103448275862,
			"fpr": 0.05517241379310345
		},
		"Threshold 0.197": {
			"accuracy": 0.8931896551724138,
			"precision": 0.8856756299678674,
			"recall": 0.9029310344827586,
			"fpr": 0.11655172413793104
		},
		"Threshold 0.218": {
			"accuracy": 0.8667241379310345,
			"precision": 0.8253288467421229,
			"recall": 0.9303448275862068,
			"fpr": 0.19689655172413792
		},
		"Threshold 0.239": {
			"accuracy": 0.815948275862069,
			"precision": 0.7496253916360169,
			"recall": 0.9487931034482758,
			"fpr": 0.31689655172413794
		},
		"Threshold 0.261": {
			"accuracy": 0.7401724137931035,
			"precision": 0.665793858605094,
			"recall": 0.9644827586206897,
			"fpr": 0.48413793103448277
		},
		"Threshold 0.282": {
			"accuracy": 0.6679310344827586,
			"precision": 0.6040153780435711,
			"recall": 0.9751724137931035,
			"fpr": 0.6393103448275862
		},
		"Threshold 0.303": {
			"accuracy": 0.5982758620689655,
			"precision": 0.5554043545878694,
			"recall": 0.9851724137931035,
			"fpr": 0.7886206896551724
		},
		"Threshold 0.324": {
			"accuracy": 0.554051724137931,
			"precision": 0.5287588294651867,
			"recall": 0.9937931034482759,
			"fpr": 0.8856896551724138
		},
		"Threshold 0.345": {
			"accuracy": 0.5131896551724138,
			"precision": 0.5066923278803255,
			"recall": 0.9986206896551724,
			"fpr": 0.9722413793103448
		},
		"Threshold 0.366": {
			"accuracy": 0.5030172413793104,
			"precision": 0.5015131863380891,
			"recall": 1.0,
			"fpr": 0.9939655172413793
		},
		"Threshold 0.387": {
			"accuracy": 0.5004310344827586,
			"precision": 0.5002156101768004,
			"recall": 1.0,
			"fpr": 0.9991379310344828
		},
		"Threshold 0.408": {
			"accuracy": 0.5,
			"precision": 0.5,
			"recall": 1.0,
			"fpr": 1.0
		},
		"Threshold 0.429": {
			"accuracy": 0.5,
			"precision": 0.5,
			"recall": 1.0,
			"fpr": 1.0
		},
		"Threshold 0.450": {
			"accuracy": 0.5,
			"precision": 0.5,
			"recall": 1.0,
			"fpr": 1.0
		}
	},
	"SimCLR v1 ResNet50 2x raw features L2": {
		"Threshold 5.000": {
			"accuracy": 0.8348275862068966,
			"precision": 1.0,
			"recall": 0.6696551724137931,
			"fpr": 0.0
		},
		"Threshold 5.526": {
			"accuracy": 0.8539655172413793,
			"precision": 0.9980591945657448,
			"recall": 0.7093103448275863,
			"fpr": 0.001379310344827586
		},
		"Threshold 6.053": {
			"accuracy": 0.8756034482758621,
			"precision": 0.9894405751516513,
			"recall": 0.7593103448275862,
			"fpr": 0.008103448275862069
		},
		"Threshold 6.579": {
			"accuracy": 0.8898275862068965,
			"precision": 0.9712380158399333,
			"recall": 0.803448275862069,
			"fpr": 0.02379310344827586
		},
		"Threshold 7.105": {
			"accuracy": 0.8931034482758621,
			"precision": 0.9297022238974746,
			"recall": 0.8505172413793104,
			"fpr": 0.06431034482758621
		},
		"Threshold 7.632": {
			"accuracy": 0.8651724137931035,
			"precision": 0.8466448445171849,
			"recall": 0.891896551724138,
			"fpr": 0.16155172413793104
		},
		"Threshold 8.158": {
			"accuracy": 0.8096551724137931,
			"precision": 0.7497913769123783,
			"recall": 0.9294827586206896,
			"fpr": 0.31017241379310345
		},
		"Threshold 8.684": {
			"accuracy": 0.7406034482758621,
			"precision": 0.6675471245047425,
			"recall": 0.9586206896551724,
			"fpr": 0.4774137931034483
		},
		"Threshold 9.211": {
			"accuracy": 0.6708620689655173,
			"precision": 0.605808242579543,
			"recall": 0.9782758620689656,
			"fpr": 0.636551724137931
		},
		"Threshold 9.737": {
			"accuracy": 0.6106896551724138,
			"precision": 0.5629658689682229,
			"recall": 0.9896551724137931,
			"fpr": 0.7682758620689655
		},
		"Threshold 10.263": {
			"accuracy": 0.5725862068965517,
			"precision": 0.5393090569561158,
			"recall": 0.9958620689655172,
			"fpr": 0.8506896551724138
		},
		"Threshold 10.789": {
			"accuracy": 0.5491379310344827,
			"precision": 0.5258761576175777,
			"recall": 0.9986206896551724,
			"fpr": 0.9003448275862069
		},
		"Threshold 11.316": {
			"accuracy": 0.5331896551724138,
			"precision": 0.5171736997055937,
			"recall": 0.9994827586206897,
			"fpr": 0.9331034482758621
		},
		"Threshold 11.842": {
			"accuracy": 0.5238793103448276,
			"precision": 0.5122339015987987,
			"recall": 0.9998275862068966,
			"fpr": 0.9520689655172414
		},
		"Threshold 12.368": {
			"accuracy": 0.5177586206896552,
			"precision": 0.5090414325842697,
			"recall": 0.9998275862068966,
			"fpr": 0.9643103448275862
		},
		"Threshold 12.895": {
			"accuracy": 0.5104310344827586,
			"precision": 0.5052714123899974,
			"recall": 0.9998275862068966,
			"fpr": 0.9789655172413793
		},
		"Threshold 13.421": {
			"accuracy": 0.5068103448275862,
			"precision": 0.5034285218297023,
			"recall": 1.0,
			"fpr": 0.9863793103448276
		},
		"Threshold 13.947": {
			"accuracy": 0.5049137931034483,
			"precision": 0.5024690288486529,
			"recall": 1.0,
			"fpr": 0.9901724137931035
		},
		"Threshold 14.474": {
			"accuracy": 0.5037931034482759,
			"precision": 0.5019037729318103,
			"recall": 1.0,
			"fpr": 0.9924137931034482
		},
		"Threshold 15.000": {
			"accuracy": 0.5031034482758621,
			"precision": 0.5015565548253199,
			"recall": 1.0,
			"fpr": 0.9937931034482759
		}
	},
	"SimCLR v1 ResNet50 2x raw features L1": {
		"Threshold 100.000": {
			"accuracy": 0.8239655172413793,
			"precision": 1.0,
			"recall": 0.6479310344827586,
			"fpr": 0.0
		},
		"Threshold 110.526": {
			"accuracy": 0.8482758620689655,
			"precision": 0.9990118577075099,
			"recall": 0.6972413793103448,
			"fpr": 0.000689655172413793
		},
		"Threshold 121.053": {
			"accuracy": 0.8653448275862069,
			"precision": 0.9815909090909091,
			"recall": 0.7446551724137931,
			"fpr": 0.01396551724137931
		},
		"Threshold 131.579": {
			"accuracy": 0.8829310344827587,
			"precision": 0.9741673783091375,
			"recall": 0.7867241379310345,
			"fpr": 0.02086206896551724
		},
		"Threshold 142.105": {
			"accuracy": 0.8971551724137931,
			"precision": 0.9658240647118301,
			"recall": 0.8234482758620689,
			"fpr": 0.02913793103448276
		},
		"Threshold 152.632": {
			"accuracy": 0.9045689655172414,
			"precision": 0.9390084190832554,
			"recall": 0.8653448275862069,
			"fpr": 0.05620689655172414
		},
		"Threshold 163.158": {
			"accuracy": 0.8920689655172414,
			"precision": 0.8869979577944179,
			"recall": 0.8986206896551724,
			"fpr": 0.11448275862068966
		},
		"Threshold 173.684": {
			"accuracy": 0.8574137931034482,
			"precision": 0.8123869801084991,
			"recall": 0.9294827586206896,
			"fpr": 0.21465517241379312
		},
		"Threshold 184.211": {
			"accuracy": 0.8072413793103448,
			"precision": 0.7372836218375499,
			"recall": 0.954655172413793,
			"fpr": 0.3401724137931034
		},
		"Threshold 194.737": {
			"accuracy": 0.7545689655172414,
			"precision": 0.6773573573573574,
			"recall": 0.9722413793103448,
			"fpr": 0.4631034482758621
		},
		"Threshold 205.263": {
			"accuracy": 0.7152586206896552,
			"precision": 0.6397313933967543,
			"recall": 0.9855172413793103,
			"fpr": 0.555
		},