{
	"ResNet50 2x raw features L2": 44.604889929294586,
	"ResNet50 2x raw features L1": 45.06463142633437
}