{
	"ORB 30 descriptors": 1.246358871459961,
	"ORB 40 descriptors": 1.2302556037902832,
	"ORB 50 descriptors": 1.2314651012420654,
	"ORB 100 descriptors": 1.2507331371307373
}