{
	"ORB 30 descriptors": {
		"Threshold 0.000": {
			"accuracy": 0.6273275862068965,
			"precision": 1.0,
			"recall": 0.2546551724137931,
			"fpr": 0.0
		},
		"Threshold 0.016": {
			"accuracy": 0.7375,
			"precision": 1.0,
			"recall": 0.475,
			"fpr": 0.0
		},
		"Threshold 0.032": {
			"accuracy": 0.7976724137931035,
			"precision": 1.0,
			"recall": 0.5953448275862069,
			"fpr": 0.0
		},
		"Threshold 0.047": {
			"accuracy": 0.849396551724138,
			"precision": 1.0,
			"recall": 0.6987931034482758,
			"fpr": 0.0
		},
		"Threshold 0.063": {
			"accuracy": 0.8881896551724138,
			"precision": 0.9997780244173141,
			"recall": 0.776551724137931,
			"fpr": 0.00017241379310344826
		},
		"Threshold 0.079": {
			"accuracy": 0.9111206896551725,
			"precision": 0.9987450324199958,
			"recall": 0.8232758620689655,
			"fpr": 0.0010344827586206897
		},
		"Threshold 0.095": {
			"accuracy": 0.9230172413793103,
			"precision": 0.9921765295887663,
			"recall": 0.8527586206896551,
			"fpr": 0.006724137931034483
		},
		"Threshold 0.111": {
			"accuracy": 0.9210344827586207,
			"precision": 0.9672789896670494,
			"recall": 0.871551724137931,
			"fpr": 0.029482758620689654
		},
		"Threshold 0.126": {
			"accuracy": 0.8920689655172414,
			"precision": 0.8931535269709544,
			"recall": 0.8906896551724138,
			"fpr": 0.10655172413793103
		},
		"Threshold 0.142": {
			"accuracy": 0.8267241379310345,
			"precision": 0.7797460879834662,
			"recall": 0.9106896551724138,
			"fpr": 0.25724137931034485
		},
		"Threshold 0.158": {
			"accuracy": 0.7275,
			"precision": 0.6610521176614182,
			"recall": 0.9337931034482758,
			"fpr": 0.47879310344827586
		},
		"Threshold 0.174": {
			"accuracy": 0.6125,
			"precision": 0.566602021026845,
			"recall": 0.9570689655172414,
			"fpr": 0.7320689655172414
		},
		"Threshold 0.189": {
			"accuracy": 0.5360344827586206,
			"precision": 0.5191602493582692,
			"recall": 0.9763793103448276,
			"fpr": 0.9043103448275862
		},
		"Threshold 0.205": {
			"accuracy": 0.5054310344827586,
			"precision": 0.5027561466445009,
			"recall": 0.9906896551724138,
			"fpr": 0.9798275862068966
		},
		"Threshold 0.221": {
			"accuracy": 0.5016379310344827,
			"precision": 0.5008224396156177,
			"recall": 0.9974137931034482,
			"fpr": 0.9941379310344828
		},
		"Threshold 0.237": {
			"accuracy": 0.5001724137931034,
			"precision": 0.5000862663906143,
			"recall": 0.9994827586206897,
			"fpr": 0.9991379310344828
		},
		"Threshold 0.253": {
			"accuracy": 0.5000862068965517,
			"precision": 0.5000431071644107,
			"recall": 1.0,
			"fpr": 0.9998275862068966
		},
		"Threshold 0.268": {
			"accuracy": 0.5,
			"precision": 0.5,
			"recall": 1.0,
			"fpr": 1.0
		},
		"Threshold 0.284": {
			"accuracy": 0.5,
			"precision": 0.5,
			"recall": 1.0,
			"fpr": 1.0
		},
		"Threshold 0.300": {
			"accuracy": 0.5,
			"precision": 0.5,
			"recall": 1.0,
			"fpr": 1.0
		}
	},
	"ORB 40 descriptors": {
		"Threshold 0.000": {
			"accuracy": 0.644051724137931,
			"precision": 1.0,
			"recall": 0.2881034482758621,
			"fpr": 0.0
		},
		"Threshold 0.016": {
			"accuracy": 0.7556896551724138,
			"precision": 1.0,
			"recall": 0.5113793103448275,
			"fpr": 0.0
		},
		"Threshold 0.032": {
			"accuracy": 0.8168103448275862,
			"precision": 1.0,
			"recall": 0.6336206896551724,
			"fpr": 0.0
		},
		"Threshold 0.047": {
			"accuracy": 0.865948275862069,
			"precision": 1.0,
			"recall": 0.7318965517241379,
			"fpr": 0.0
		},
		"Threshold 0.063": {
			"accuracy": 0.9018103448275862,
			"precision": 0.9997855457859747,
			"recall": 0.8037931034482758,
			"fpr": 0.00017241379310344826
		},
		"Threshold 0.079": {
			"accuracy": 0.920948275862069,
			"precision": 0.9983670136762605,
			"recall": 0.8432758620689655,
			"fpr": 0.001379310344827586
		},
		"Threshold 0.095": {
			"accuracy": 0.9299137931034482,
			"precision": 0.9894013738959765,
			"recall": 0.8691379310344828,
			"fpr": 0.009310344827586206
		},
		"Threshold 0.111": {
			"accuracy": 0.9232758620689655,
			"precision": 0.9532865583456426,
			"recall": 0.8901724137931034,
			"fpr": 0.043620689655172414
		},
		"Threshold 0.126": {
			"accuracy": 0.8807758620689655,
			"precision": 0.8611610793131643,
			"recall": 0.9079310344827586,
			"fpr": 0.1463793103448276
		},
		"Threshold 0.142": {
			"accuracy": 0.7941379310344827,
			"precision": 0.7326786688488817,
			"recall": 0.9262068965517242,
			"fpr": 0.33793103448275863
		},
		"Threshold 0.158": {
			"accuracy": 0.676896551724138,
			"precision": 0.6148936170212767,
			"recall": 0.9467241379310345,
			"fpr": 0.5929310344827586
		},
		"Threshold 0.174": {
			"accuracy": 0.5656896551724138,
			"precision": 0.5363480251860332,
			"recall": 0.9693103448275862,
			"fpr": 0.8379310344827586
		},
		"Threshold 0.189": {
			"accuracy": 0.515603448275862,
			"precision": 0.5080280315798811,
			"recall": 0.9874137931034482,
			"fpr": 0.9562068965517241
		},
		"Threshold 0.205": {
			"accuracy": 0.5022413793103448,
			"precision": 0.5011278847822315,
			"recall": 0.9958620689655172,
			"fpr": 0.9913793103448276
		},
		"Threshold 0.221": {
			"accuracy": 0.5004310344827586,
			"precision": 0.5002158708228995,
			"recall": 0.9987931034482759,
			"fpr": 0.9979310344827587
		},
		"Threshold 0.237": {
			"accuracy": 0.5,
			"precision": 0.5,
			"recall": 1.0,
			"fpr": 1.0
		},
		"Threshold 0.253": {
			"accuracy": 0.5,
			"precision": 0.5,
			"recall": 1.0,
			"fpr": 1.0
		},
		"Threshold 0.268": {
			"accuracy": 0.5,
			"precision": 0.5,
			"recall": 1.0,
			"fpr": 1.0
		},
		"Threshold 0.284": {
			"accuracy": 0.5,
			"precision": 0.5,
			"recall": 1.0,
			"fpr": 1.0
		},
		"Threshold 0.300": {
			"accuracy": 0.5,
			"precision": 0.5,
			"recall": 1.0,
			"fpr": 1.0
		}
	},
	"ORB 50 descriptors": {
		"Threshold 0.000": {
			"accuracy": 0.6516379310344828,
			"precision": 1.0,
			"recall": 0.3032758620689655,
			"fpr": 0.0
		},
		"Threshold 0.016": {
			"accuracy": 0.7631896551724138,
			"precision": 1.0,
			"recall": 0.5263793103448275,
			"fpr": 0.0
		},
		"Threshold 0.032": {
			"accuracy": 0.8244827586206896,
			"precision": 1.0,
			"recall": 0.6489655172413793,
			"fpr": 0.0
		},
		"Threshold 0.047": {
			"accuracy": 0.8741379310344828,
			"precision": 1.0,
			"recall": 0.7482758620689656,
			"fpr": 0.0
		},
		"Threshold 0.063": {
			"accuracy": 0.9089655172413793,
			"precision": 0.9997892962494732,
			"recall": 0.8181034482758621,
			"fpr": 0.00017241379310344826
		},
		"Threshold 0.079": {
			"accuracy": 0.9247413793103448,
			"precision": 0.9975762472227833,
			"recall": 0.851551724137931,
			"fpr": 0.0020689655172413794
		},
		"Threshold 0.095": {
			"accuracy": 0.9320689655172414,
			"precision": 0.9852827265685515,
			"recall": 0.8772413793103448,
			"fpr": 0.01310344827586207
		},
		"Threshold 0.111": {
			"accuracy": 0.9212068965517242,
			"precision": 0.9422519913106444,
			"recall": 0.8974137931034483,
			"fpr": 0.055
		},
		"Threshold 0.126": {
			"accuracy": 0.8695689655172414,
			"precision": 0.8380381643273932,
			"recall": 0.9162068965517242,
			"fpr": 0.17706896551724138
		},
		"Threshold 0.142": {
			"accuracy": 0.7639655172413793,
			"precision": 0.6969891919711786,
			"recall": 0.9339655172413793,
			"fpr": 0.4060344827586207
		},
		"Threshold 0.158": {
			"accuracy": 0.6358620689655172,
			"precision": 0.5828253100693714,
			"recall": 0.9560344827586207,
			"fpr": 0.6843103448275862
		},
		"Threshold 0.174": {
			"accuracy": 0.5417241379310345,
			"precision": 0.522300036859565,
			"recall": 0.9772413793103448,
			"fpr": 0.8937931034482759
		},
		"Threshold 0.189": {
			"accuracy": 0.5081896551724138,
			"precision": 0.5041575492341357,
			"recall": 0.993103448275862,
			"fpr": 0.9767241379310345
		},
		"Threshold 0.205": {
			"accuracy": 0.501551724137931,
			"precision": 0.50077827741266,
			"recall": 0.998448275862069,
			"fpr": 0.9953448275862069
		},
		"Threshold 0.221": {
			"accuracy": 0.5005172413793103,
			"precision": 0.5002587991718427,