{
	"ORB 30 descriptors": 74.64302923679352,
	"ORB 40 descriptors": 85.17615274190902,
	"ORB 50 descriptors": 100.38741518259049,
	"ORB 100 descriptors": 170.05097200870517
}