{
	"Ahash 64 bits": 2.191753625869751,
	"Phash 64 bits": 2.045424461364746,
	"Dhash 64 bits": 1.7390778064727783,
	"Whash 64 bits": 6.383102655410767,
	"Crop resistant hash 64 bits": 50.33842396736145,
	"SIFT 30 descriptors": 16.405294179916382,
	"ORB 30 descriptors": 3.0277099609375,
	"FAST + DAISY 30 descriptors": 17.286065101623535,
	"FAST + LATCH 30 descriptors": 2.5640625953674316,
	"Inception v3 raw features Jensen-Shannon": 6.5265278816223145,
	"EfficientNet B7 raw features Jensen-Shannon": 5.0490031242370605,
	"ResNet50 2x raw features Jensen-Shannon": 4.031895637512207,
	"ResNet101 2x raw features Jensen-Shannon": 2.586642265319824,
	"SimCLR v1 ResNet50 2x raw features Jensen-Shannon": 2.780458688735962,
	"SimCLR v2 ResNet50 2x raw features Jensen-Shannon": 2.9994726181030273,
	"SimCLR v2 ResNet101 2x raw features Jensen-Shannon": 3.2781012058258057
}