{
	"ORB 30 descriptors": {
		"Threshold 0.000": {
			"accuracy": 0.6330431034482759,
			"precision": 0.999288256227758,
			"recall": 0.26627586206896553,
			"fpr": 0.0001896551724137931
		},
		"Threshold 0.016": {
			"accuracy": 0.7396896551724138,
			"precision": 0.9983510180671064,
			"recall": 0.48017241379310344,
			"fpr": 0.000793103448275862
		},
		"Threshold 0.032": {
			"accuracy": 0.8038448275862069,
			"precision": 0.9958080126040963,
			"recall": 0.6102586206896552,
			"fpr": 0.0025689655172413794
		},
		"Threshold 0.047": {
			"accuracy": 0.8541724137931035,
			"precision": 0.9869618812820027,
			"recall": 0.7178275862068966,
			"fpr": 0.009482758620689655
		},
		"Threshold 0.063": {
			"accuracy": 0.8805172413793103,
			"precision": 0.959619309425632,
			"recall": 0.7944655172413793,
			"fpr": 0.03343103448275862
		},
		"Threshold 0.079": {
			"accuracy": 0.867301724137931,
			"precision": 0.8812706935123042,
			"recall": 0.8489827586206896,
			"fpr": 0.11437931034482758
		},
		"Threshold 0.095": {
			"accuracy": 0.8061379310344827,
			"precision": 0.7629194183670448,
			"recall": 0.8883275862068966,
			"fpr": 0.27605172413793105
		},
		"Threshold 0.111": {
			"accuracy": 0.7020086206896552,
			"precision": 0.6408791948729664,
			"recall": 0.9189655172413793,
			"fpr": 0.5149482758620689
		},
		"Threshold 0.126": {
			"accuracy": 0.5948189655172413,
			"precision": 0.5555319943857098,
			"recall": 0.948551724137931,
			"fpr": 0.7589137931034483
		},
		"Threshold 0.142": {
			"accuracy": 0.5287155172413793,
			"precision": 0.5152199142823201,
			"recall": 0.9720689655172414,
			"fpr": 0.9146379310344828
		},
		"Threshold 0.158": {
			"accuracy": 0.5059396551724138,
			"precision": 0.5030269481860277,
			"recall": 0.9870689655172413,
			"fpr": 0.9751896551724137
		},
		"Threshold 0.174": {
			"accuracy": 0.49974137931034485,
			"precision": 0.49986993618201997,
			"recall": 0.993948275862069,
			"fpr": 0.9944655172413793
		},
		"Threshold 0.189": {
			"accuracy": 0.49869827586206894,
			"precision": 0.49934750105869036,
			"recall": 0.9961896551724138,
			"fpr": 0.9987931034482759
		},
		"Threshold 0.205": {
			"accuracy": 0.49854310344827585,
			"precision": 0.4992701738627236,
			"recall": 0.9966551724137931,
			"fpr": 0.9995689655172414
		},
		"Threshold 0.221": {
			"accuracy": 0.49853448275862067,
			"precision": 0.49926591242767077,
			"recall": 0.9967241379310345,
			"fpr": 0.9996551724137931
		},
		"Threshold 0.237": {
			"accuracy": 0.49851724137931036,
			"precision": 0.4992572889318779,
			"recall": 0.9967241379310345,
			"fpr": 0.9996896551724138
		},
		"Threshold 0.253": {
			"accuracy": 0.49851724137931036,
			"precision": 0.4992572889318779,
			"recall": 0.9967241379310345,
			"fpr": 0.9996896551724138
		},
		"Threshold 0.268": {
			"accuracy": 0.49851724137931036,
			"precision": 0.4992572889318779,
			"recall": 0.9967241379310345,
			"fpr": 0.9996896551724138
		},
		"Threshold 0.284": {
			"accuracy": 0.49851724137931036,
			"precision": 0.4992572889318779,
			"recall": 0.9967241379310345,
			"fpr": 0.9996896551724138
		},
		"Threshold 0.300": {
			"accuracy": 0.49851724137931036,
			"precision": 0.4992572889318779,
			"recall": 0.9967241379310345,
			"fpr": 0.9996896551724138
		}
	}
}