{
	"Inception v3 raw features Jensen-Shannon": 1626.9867209076876,
	"EfficientNet B7 raw features Jensen-Shannon": 3288.0079584121695,
	"ResNet50 2x raw features Jensen-Shannon": 1530.7555680274963,
	"ResNet101 2x raw features Jensen-Shannon": 1558.036254751682,
	"SimCLR v1 ResNet50 2x raw features Jensen-Shannon": 1817.1319753885273,
	"SimCLR v2 ResNet50 2x raw features Jensen-Shannon": 2224.840496611595,
	"SimCLR v2 ResNet101 2x raw features Jensen-Shannon": 2290.068625998497
}