{
	"Inception v3 raw features Jensen-Shannon": {
		"Threshold 0.000": {
			"accuracy": 0.5,
			"precision": 0,
			"recall": 0.0,
			"fpr": 0.0
		},
		"Threshold 0.042": {
			"accuracy": 0.5552586206896551,
			"precision": 1.0,
			"recall": 0.11051724137931035,
			"fpr": 0.0
		},
		"Threshold 0.084": {
			"accuracy": 0.6321551724137932,
			"precision": 1.0,
			"recall": 0.2643103448275862,
			"fpr": 0.0
		},
		"Threshold 0.126": {
			"accuracy": 0.68,
			"precision": 1.0,
			"recall": 0.36,
			"fpr": 0.0
		},
		"Threshold 0.168": {
			"accuracy": 0.7338793103448276,
			"precision": 1.0,
			"recall": 0.4677586206896552,
			"fpr": 0.0
		},
		"Threshold 0.211": {
			"accuracy": 0.78,
			"precision": 1.0,
			"recall": 0.56,
			"fpr": 0.0
		},
		"Threshold 0.253": {
			"accuracy": 0.8234482758620689,
			"precision": 0.9835051546391752,
			"recall": 0.6579310344827586,
			"fpr": 0.011034482758620689
		},
		"Threshold 0.295": {
			"accuracy": 0.8652586206896552,
			"precision": 0.9564748976513683,
			"recall": 0.7653448275862069,
			"fpr": 0.03482758620689655
		},
		"Threshold 0.337": {
			"accuracy": 0.889051724137931,
			"precision": 0.9250329628932003,
			"recall": 0.8467241379310345,
			"fpr": 0.06862068965517241
		},
		"Threshold 0.379": {
			"accuracy": 0.8588793103448276,
			"precision": 0.8237673044019288,
			"recall": 0.9131034482758621,
			"fpr": 0.1953448275862069
		},
		"Threshold 0.421": {
			"accuracy": 0.6921551724137931,
			"precision": 0.6243445275019525,
			"recall": 0.9648275862068966,
			"fpr": 0.5805172413793104
		},
		"Threshold 0.463": {
			"accuracy": 0.5816379310344828,
			"precision": 0.544733112895607,
			"recall": 0.9941379310344828,
			"fpr": 0.8308620689655173
		},
		"Threshold 0.505": {
			"accuracy": 0.5259482758620689,
			"precision": 0.5133292002479851,
			"recall": 0.9993103448275862,
			"fpr": 0.9474137931034483
		},
		"Threshold 0.547": {
			"accuracy": 0.5031896551724138,
			"precision": 0.5016002075944987,
			"recall": 0.9998275862068966,
			"fpr": 0.993448275862069
		},
		"Threshold 0.589": {
			"accuracy": 0.5000862068965517,
			"precision": 0.5000431071644107,
			"recall": 1.0,
			"fpr": 0.9998275862068966
		},
		"Threshold 0.632": {
			"accuracy": 0.5,
			"precision": 0.5,
			"recall": 1.0,
			"fpr": 1.0
		},
		"Threshold 0.674": {
			"accuracy": 0.5,
			"precision": 0.5,
			"recall": 1.0,
			"fpr": 1.0
		},
		"Threshold 0.716": {
			"accuracy": 0.5,
			"precision": 0.5,
			"recall": 1.0,
			"fpr": 1.0
		},
		"Threshold 0.758": {
			"accuracy": 0.5,
			"precision": 0.5,
			"recall": 1.0,
			"fpr": 1.0
		},
		"Threshold 0.800": {
			"accuracy": 0.5,
			"precision": 0.5,
			"recall": 1.0,
			"fpr": 1.0
		}
	},
	"ResNet50 1x raw features Jensen-Shannon": {
		"Threshold 0.000": {
			"accuracy": 0.5,
			"precision": 0,
			"recall": 0.0,
			"fpr": 0.0
		},
		"Threshold 0.042": {
			"accuracy": 0.5707758620689655,
			"precision": 1.0,
			"recall": 0.14155172413793105,
			"fpr": 0.0
		},
		"Threshold 0.084": {
			"accuracy": 0.6464655172413794,
			"precision": 1.0,
			"recall": 0.29293103448275865,
			"fpr": 0.0
		},
		"Threshold 0.126": {
			"accuracy": 0.725948275862069,
			"precision": 1.0,
			"recall": 0.45189655172413795,
			"fpr": 0.0
		},
		"Threshold 0.168": {
			"accuracy": 0.7852586206896551,
			"precision": 1.0,
			"recall": 0.5705172413793104,
			"fpr": 0.0
		},
		"Threshold 0.211": {
			"accuracy": 0.8428448275862069,
			"precision": 0.9994976136649083,
			"recall": 0.6860344827586207,
			"fpr": 0.0003448275862068965
		},
		"Threshold 0.253": {
			"accuracy": 0.8843965517241379,
			"precision": 0.9762871181371502,
			"recall": 0.7879310344827586,
			"fpr": 0.019137931034482757
		},
		"Threshold 0.295": {
			"accuracy": 0.896896551724138,
			"precision": 0.9206871345029239,
			"recall": 0.8686206896551724,
			"fpr": 0.07482758620689656
		},
		"Threshold 0.337": {
			"accuracy": 0.8563793103448276,
			"precision": 0.8106402164111812,
			"recall": 0.93,
			"fpr": 0.21724137931034482
		},
		"Threshold 0.379": {
			"accuracy": 0.6637931034482759,
			"precision": 0.6010423314188471,
			"recall": 0.9743103448275862,
			"fpr": 0.6467241379310344
		},
		"Threshold 0.421": {
			"accuracy": 0.5393103448275862,
			"precision": 0.5205368402089714,
			"recall": 0.9963793103448276,
			"fpr": 0.9177586206896552
		},
		"Threshold 0.463": {
			"accuracy": 0.5028448275862069,
			"precision": 0.5014267185473411,
			"recall": 0.9998275862068966,
			"fpr": 0.9941379310344828
		},
		"Threshold 0.505": {
			"accuracy": 0.5001724137931034,
			"precision": 0.5000862366333219,
			"recall": 0.9998275862068966,
			"fpr": 0.9994827586206897
		},
		"Threshold 0.547": {
			"accuracy": 0.4999137931034483,
			"precision": 0.49995689283558925,
			"recall": 0.9998275862068966,
			"fpr": 1.0
		},
		"Threshold 0.589": {
			"accuracy": 0.5,
			"precision": 0.5,
			"recall": 1.0,
			"fpr": 1.0
		},
		"Threshold 0.632": {
			"accuracy": 0.5,
			"precision": 0.5,
			"recall": 1.0,
			"fpr": 1.0
		},
		"Threshold 0.674": {
			"accuracy": 0.5,
			"precision": 0.5,
			"recall": 1.0,
			"fpr": 1.0
		},
		"Threshold 0.716": {
			"accuracy": 0.5,
			"precision": 0.5,
			"recall": 1.0,
			"fpr": 1.0
		},
		"Threshold 0.758": {
			"accuracy": 0.5,
			"precision": 0.5,
			"recall": 1.0,
			"fpr": 1.0
		},
		"Threshold 0.800": {
			"accuracy": 0.5,
			"precision": 0.5,
			"recall": 1.0,
			"fpr": 1.0
		}
	},
	"ResNet101 1x raw features Jensen-Shannon": {
		"Threshold 0.000": {
			"accuracy": 0.5,
			"precision": 0,
			"recall": 0.0,
			"fpr": 0.0
		},
		"Threshold 0.042": {
			"accuracy": 0.5707758620689655,
			"precision": 1.0,
			"recall": 0.14155172413793105,
			"fpr": 0.0
		},
		"Threshold 0.084": {
			"accuracy": 0.641551724137931,
			"precision": 1.0,
			"recall": 0.2831034482758621,
			"fpr": 0.0
		},
		"Threshold 0.126": {
			"accuracy": 0.7238793103448276,
			"precision": 1.0,
			"recall": 0.44775862068965516,
			"fpr": 0.0
		},
		"Threshold 0.168": {
			"accuracy": 0.790603448275862,
			"precision": 1.0,
			"recall": 0.5812068965517241,
			"fpr": 0.0
		},
		"Threshold 0.211": {
			"accuracy": 0.8482758620689655,
			"precision": 0.999752597723899,
			"recall": 0.6967241379310345,
			"fpr": 0.00017241379310344826
		},
		"Threshold 0.253": {
			"accuracy": 0.8938793103448276,
			"precision": 0.9790312434472636,
			"recall": 0.805,
			"fpr": 0.017241379310344827
		},
		"Threshold 0.295": {
			"accuracy": 0.9008620689655172,
			"precision": 0.9154753395282345,
			"recall": 0.8832758620689655,
			"fpr": 0.08155172413793103
		},
		"Threshold 0.337": {
			"accuracy": 0.8738793103448276,
			"precision": 0.827617464873848,
			"recall": 0.9444827586206896,
			"fpr": 0.1967241379310345
		},
		"Threshold 0.379": {
			"accuracy": 0.6762931034482759,
			"precision": 0.609722073183818,
			"recall": 0.9796551724137931,
			"fpr": 0.6270689655172413
		},
		"Threshold 0.421": {
			"accuracy": 0.533448275862069,
			"precision": 0.5173866284280337,
			"recall": 0.9953448275862069,
			"fpr": 0.928448275862069
		},
		"Threshold 0.463": {
			"accuracy": 0.5044827586206897,
			"precision": 0.5022518621167504,
			"recall": 0.9998275862068966,
			"fpr": 0.9908620689655172
		},
		"Threshold 0.505": {
			"accuracy": 0.4999137931034483,
			"precision": 0.49995689283558925,
			"recall": 0.9998275862068966,
			"fpr": 1.0
		},
		"Threshold 0.547": {
			"accuracy": 0.4999137931034483,
			"precision": 0.49995689283558925,
			"recall": 0.9998275862068966,
			"fpr": 1.0
		},
		"Threshold 0.589": {
			"accuracy": 0.5,
			"precision": 0.5,
			"recall": 1.0,
			"fpr": 1.0
		},
		"Threshold 0.632": {
			"accuracy": 0.5,
			"precision": 0.5,
			"recall": 1.0,
			"fpr": 1.0
		},
		"Threshold 0.674": {
			"accuracy": 0.5,
			"precision": 0.5,
			"recall": 1.0,
			"fpr": 1.0
		},
		"Threshold 0.716": {
			"accuracy": 0.5,
			"precision": 0.5,
			"recall": 1.0,
			"fpr": 1.0
		},
		"Threshold 0.758": {
			"accuracy": 0.5,
			"precision": 0.5,
			"recall": 1.0,
			"fpr": 1.0
		},