{
	"SimCLR v2 ResNet50 2x raw features Jensen-Shannon": 208.58457946777344,
	"SimCLR v2 ResNet101 2x raw features Jensen-Shannon": 215.23868560791016
}