{
	"SimCLR v2 ResNet50 2x raw features Jensen-Shannon": 256.0783019065857,
	"SimCLR v2 ResNet101 2x raw features Jensen-Shannon": 252.00570845603943
}