{
	"SimCLR v2 ResNet50 2x raw features Jensen-Shannon": {
		"Threshold 0.300": {
			"accuracy": 0.5033793103448276,
			"precision": 0.5028917084685748,
			"recall": 0.5876896551724138,
			"fpr": 0.5809310344827586
		},
		"Threshold 0.332": {
			"accuracy": 0.5029137931034483,
			"precision": 0.5022939515691172,
			"recall": 0.6380172413793104,
			"fpr": 0.6321896551724138
		},
		"Threshold 0.363": {
			"accuracy": 0.5030517241379311,
			"precision": 0.5022352436036673,
			"recall": 0.6856896551724138,
			"fpr": 0.6795862068965517
		},
		"Threshold 0.395": {
			"accuracy": 0.5034741379310345,
			"precision": 0.5023836844782511,
			"recall": 0.7322068965517241,
			"fpr": 0.7252586206896552
		},
		"Threshold 0.426": {
			"accuracy": 0.5033965517241379,
			"precision": 0.502187673514714,
			"recall": 0.7796896551724138,
			"fpr": 0.772896551724138
		},
		"Threshold 0.458": {
			"accuracy": 0.5030517241379311,
			"precision": 0.5018502644728314,
			"recall": 0.8277241379310345,
			"fpr": 0.8216206896551724
		},
		"Threshold 0.489": {
			"accuracy": 0.5035,
			"precision": 0.5020127706829539,
			"recall": 0.8729482758620689,
			"fpr": 0.865948275862069
		},
		"Threshold 0.521": {
			"accuracy": 0.5025948275862069,
			"precision": 0.5014255538821479,
			"recall": 0.9127068965517241,
			"fpr": 0.9075172413793103
		},
		"Threshold 0.553": {
			"accuracy": 0.502448275862069,
			"precision": 0.501298083954951,
			"recall": 0.9454827586206896,
			"fpr": 0.9405862068965517
		},
		"Threshold 0.584": {
			"accuracy": 0.5021551724137931,
			"precision": 0.5011157526421023,
			"recall": 0.967948275862069,
			"fpr": 0.9636379310344828
		},
		"Threshold 0.616": {
			"accuracy": 0.5014655172413793,
			"precision": 0.5007471870604782,
			"recall": 0.9821551724137931,
			"fpr": 0.9792241379310345
		},
		"Threshold 0.647": {
			"accuracy": 0.5009568965517242,
			"precision": 0.5004831674893573,
			"recall": 0.9911896551724138,
			"fpr": 0.9892758620689656
		},
		"Threshold 0.679": {
			"accuracy": 0.5004396551724138,
			"precision": 0.5002206664993639,
			"recall": 0.9966379310344827,
			"fpr": 0.9957586206896551
		},
		"Threshold 0.711": {
			"accuracy": 0.5001379310344828,
			"precision": 0.5000690345517932,
			"recall": 0.9991379310344828,
			"fpr": 0.9988620689655172
		},
		"Threshold 0.742": {
			"accuracy": 0.4999913793103448,
			"precision": 0.49999568961801394,
			"recall": 0.9999827586206896,
			"fpr": 1.0
		},
		"Threshold 0.774": {
			"accuracy": 0.5,
			"precision": 0.5,
			"recall": 1.0,
			"fpr": 1.0
		},
		"Threshold 0.805": {
			"accuracy": 0.5,
			"precision": 0.5,
			"recall": 1.0,
			"fpr": 1.0
		},
		"Threshold 0.837": {
			"accuracy": 0.5,
			"precision": 0.5,
			"recall": 1.0,
			"fpr": 1.0
		},
		"Threshold 0.868": {
			"accuracy": 0.5,
			"precision": 0.5,
			"recall": 1.0,
			"fpr": 1.0
		},
		"Threshold 0.900": {
			"accuracy": 0.5,
			"precision": 0.5,
			"recall": 1.0,
			"fpr": 1.0
		}
	},
	"SimCLR v2 ResNet101 2x raw features Jensen-Shannon": {
		"Threshold 0.400": {
			"accuracy": 0.5027327586206897,
			"precision": 0.5018770502481023,
			"recall": 0.7306724137931034,
			"fpr": 0.7252068965517241
		},
		"Threshold 0.426": {
			"accuracy": 0.5034741379310345,
			"precision": 0.5022627483127646,
			"recall": 0.771155172413793,
			"fpr": 0.7642068965517241
		},
		"Threshold 0.453": {
			"accuracy": 0.5036724137931035,
			"precision": 0.5022719515317007,
			"recall": 0.8118793103448276,
			"fpr": 0.8045344827586207
		},
		"Threshold 0.479": {
			"accuracy": 0.5028534482758621,
			"precision": 0.5016837072078946,
			"recall": 0.8502241379310345,
			"fpr": 0.8445172413793104
		},
		"Threshold 0.505": {
			"accuracy": 0.5026810344827586,
			"precision": 0.5015168807858515,
			"recall": 0.8864137931034483,
			"fpr": 0.881051724137931
		},
		"Threshold 0.532": {
			"accuracy": 0.5026551724137931,
			"precision": 0.5014495209051034,
			"recall": 0.9185344827586207,
			"fpr": 0.9132241379310345
		},
		"Threshold 0.558": {
			"accuracy": 0.5028189655172414,
			"precision": 0.5014974035846101,
			"recall": 0.9441034482758621,
			"fpr": 0.9384655172413793
		},
		"Threshold 0.584": {
			"accuracy": 0.5024051724137931,
			"precision": 0.5012509527866207,
			"recall": 0.9637413793103449,
			"fpr": 0.9589310344827586
		},
		"Threshold 0.611": {
			"accuracy": 0.5015172413793103,
			"precision": 0.500778265176171,
			"recall": 0.9762758620689655,
			"fpr": 0.9732413793103448
		},
		"Threshold 0.637": {
			"accuracy": 0.5007672413793104,
			"precision": 0.5003897389187153,
			"recall": 0.9850689655172413,
			"fpr": 0.9835344827586207
		},
		"Threshold 0.663": {
			"accuracy": 0.5008706896551725,
			"precision": 0.5004393329099498,
			"recall": 0.9917931034482759,
			"fpr": 0.9900517241379311
		},
		"Threshold 0.689": {
			"accuracy": 0.5004741379310345,
			"precision": 0.5002381509097364,
			"recall": 0.9959310344827587,
			"fpr": 0.9949827586206896
		},
		"Threshold 0.716": {
			"accuracy": 0.500353448275862,
			"precision": 0.5001770400628708,
			"recall": 0.9985689655172414,
			"fpr": 0.9978620689655172
		},
		"Threshold 0.742": {
			"accuracy": 0.5001206896551724,
			"precision": 0.5000603718908476,
			"recall": 0.9996724137931035,
			"fpr": 0.9994310344827586
		},
		"Threshold 0.768": {
			"accuracy": 0.5000258620689655,
			"precision": 0.5000129313689147,
			"recall": 1.0,
			"fpr": 0.9999482758620689
		},
		"Threshold 0.795": {
			"accuracy": 0.5,
			"precision": 0.5,
			"recall": 1.0,
			"fpr": 1.0
		},
		"Threshold 0.821": {
			"accuracy": 0.5,
			"precision": 0.5,
			"recall": 1.0,
			"fpr": 1.0
		},
		"Threshold 0.847": {
			"accuracy": 0.5,
			"precision": 0.5,
			"recall": 1.0,
			"fpr": 1.0
		},
		"Threshold 0.874": {
			"accuracy": 0.5,
			"precision": 0.5,
			"recall": 1.0,
			"fpr": 1.0
		},
		"Threshold 0.900": {
			"accuracy": 0.5,
			"precision": 0.5,
			"recall": 1.0,
			"fpr": 1.0
		}
	}
}