{
	"SimCLR v2 ResNet50 2x raw features Jensen-Shannon": {
		"Threshold 0.300": {
			"accuracy": 0.790051724137931,
			"precision": 0.9989323210154814,
			"recall": 0.5807241379310345,
			"fpr": 0.0006206896551724138
		},
		"Threshold 0.332": {
			"accuracy": 0.8161379310344827,
			"precision": 0.9981525755270594,
			"recall": 0.633448275862069,
			"fpr": 0.0011724137931034483
		},
		"Threshold 0.363": {
			"accuracy": 0.8392068965517241,
			"precision": 0.9980003037513289,
			"recall": 0.6797758620689656,
			"fpr": 0.0013620689655172414
		},
		"Threshold 0.395": {
			"accuracy": 0.8620775862068966,
			"precision": 0.9962897317736027,
			"recall": 0.7268620689655172,
			"fpr": 0.002706896551724138
		},
		"Threshold 0.426": {
			"accuracy": 0.8855344827586207,
			"precision": 0.9941002298037829,
			"recall": 0.7756724137931035,
			"fpr": 0.004603448275862069
		},
		"Threshold 0.458": {
			"accuracy": 0.9045948275862069,
			"precision": 0.9831977761762586,
			"recall": 0.8232586206896552,
			"fpr": 0.01406896551724138
		},
		"Threshold 0.489": {
			"accuracy": 0.9178103448275862,
			"precision": 0.9634701449718854,
			"recall": 0.868551724137931,
			"fpr": 0.03293103448275862
		},
		"Threshold 0.521": {
			"accuracy": 0.9141551724137931,
			"precision": 0.9190099078984092,
			"recall": 0.9083620689655172,
			"fpr": 0.08005172413793103
		},
		"Threshold 0.553": {
			"accuracy": 0.8802068965517241,
			"precision": 0.8394599919953203,
			"recall": 0.9402241379310344,
			"fpr": 0.1798103448275862
		},
		"Threshold 0.584": {
			"accuracy": 0.81175,
			"precision": 0.7391890998081884,
			"recall": 0.9634310344827586,
			"fpr": 0.33993103448275863
		},
		"Threshold 0.616": {
			"accuracy": 0.7210775862068965,
			"precision": 0.6459307817496899,
			"recall": 0.978551724137931,
			"fpr": 0.5363965517241379
		},
		"Threshold 0.647": {
			"accuracy": 0.6221379310344828,
			"precision": 0.5704651255321689,
			"recall": 0.9887931034482759,
			"fpr": 0.7445172413793103
		},
		"Threshold 0.679": {
			"accuracy": 0.5419310344827586,
			"precision": 0.5219859694800029,
			"recall": 0.9955172413793103,
			"fpr": 0.9116551724137931
		},
		"Threshold 0.711": {
			"accuracy": 0.5062672413793103,
			"precision": 0.5031568343074505,
			"recall": 0.9989137931034483,
			"fpr": 0.9863793103448276
		},
		"Threshold 0.742": {
			"accuracy": 0.5001896551724138,
			"precision": 0.5000948553886484,
			"recall": 0.9998965517241379,
			"fpr": 0.9995172413793103
		},
		"Threshold 0.774": {
			"accuracy": 0.5,
			"precision": 0.5,
			"recall": 1.0,
			"fpr": 1.0
		},
		"Threshold 0.805": {
			"accuracy": 0.5,
			"precision": 0.5,
			"recall": 1.0,
			"fpr": 1.0
		},
		"Threshold 0.837": {
			"accuracy": 0.5,
			"precision": 0.5,
			"recall": 1.0,
			"fpr": 1.0
		},
		"Threshold 0.868": {
			"accuracy": 0.5,
			"precision": 0.5,
			"recall": 1.0,
			"fpr": 1.0
		},
		"Threshold 0.900": {
			"accuracy": 0.5,
			"precision": 0.5,
			"recall": 1.0,
			"fpr": 1.0
		}
	},
	"SimCLR v2 ResNet101 2x raw features Jensen-Shannon": {
		"Threshold 0.400": {
			"accuracy": 0.861396551724138,
			"precision": 0.99597747385358,
			"recall": 0.7257241379310345,
			"fpr": 0.0029310344827586207
		},
		"Threshold 0.426": {
			"accuracy": 0.8796120689655172,
			"precision": 0.9913852746222689,
			"recall": 0.7658793103448276,
			"fpr": 0.006655172413793103
		},
		"Threshold 0.453": {
			"accuracy": 0.8961724137931034,
			"precision": 0.9833810164927633,
			"recall": 0.8059655172413793,
			"fpr": 0.013620689655172415
		},
		"Threshold 0.479": {
			"accuracy": 0.909603448275862,
			"precision": 0.9702494061757719,
			"recall": 0.8451206896551724,
			"fpr": 0.025913793103448275
		},
		"Threshold 0.505": {
			"accuracy": 0.9160344827586206,
			"precision": 0.9470836730156378,
			"recall": 0.8813103448275862,
			"fpr": 0.04924137931034483
		},
		"Threshold 0.532": {
			"accuracy": 0.9089310344827586,
			"precision": 0.9054497589661185,
			"recall": 0.9132241379310345,
			"fpr": 0.09536206896551724
		},
		"Threshold 0.558": {
			"accuracy": 0.884051724137931,
			"precision": 0.846100062150404,
			"recall": 0.9388793103448276,
			"fpr": 0.17077586206896553
		},
		"Threshold 0.584": {
			"accuracy": 0.8353448275862069,
			"precision": 0.7691371007914983,
			"recall": 0.9583448275862069,
			"fpr": 0.2876551724137931
		},
		"Threshold 0.611": {
			"accuracy": 0.7677672413793103,
			"precision": 0.6901173964670886,
			"recall": 0.9719827586206896,
			"fpr": 0.43644827586206897
		},
		"Threshold 0.637": {
			"accuracy": 0.6937327586206896,
			"precision": 0.6228287841191067,
			"recall": 0.9823620689655173,
			"fpr": 0.5948965517241379
		},
		"Threshold 0.663": {
			"accuracy": 0.6168706896551724,
			"precision": 0.5669898307094785,
			"recall": 0.9891724137931035,
			"fpr": 0.7554310344827586
		},
		"Threshold 0.689": {
			"accuracy": 0.5536206896551724,
			"precision": 0.5285028227875944,
			"recall": 0.9942413793103448,
			"fpr": 0.887
		},
		"Threshold 0.716": {
			"accuracy": 0.514051724137931,
			"precision": 0.507141480170344,
			"recall": 0.9978620689655172,
			"fpr": 0.9697586206896551
		},
		"Threshold 0.742": {
			"accuracy": 0.5016206896551724,
			"precision": 0.5008120108498471,
			"recall": 0.9995689655172414,
			"fpr": 0.9963275862068965
		},
		"Threshold 0.768": {
			"accuracy": 0.5000344827586207,
			"precision": 0.5000172431630858,
			"recall": 0.9999310344827587,
			"fpr": 0.9998620689655172
		},
		"Threshold 0.795": {
			"accuracy": 0.5,
			"precision": 0.5,
			"recall": 1.0,
			"fpr": 1.0
		},
		"Threshold 0.821": {
			"accuracy": 0.5,
			"precision": 0.5,
			"recall": 1.0,
			"fpr": 1.0
		},
		"Threshold 0.847": {
			"accuracy": 0.5,
			"precision": 0.5,
			"recall": 1.0,
			"fpr": 1.0
		},
		"Threshold 0.874": {
			"accuracy": 0.5,
			"precision": 0.5,
			"recall": 1.0,
			"fpr": 1.0
		},
		"Threshold 0.900": {
			"accuracy": 0.5,
			"precision": 0.5,
			"recall": 1.0,
			"fpr": 1.0
		}
	}
}