{
	"SimCLR v2 ResNet50 2x raw features Jensen-Shannon": 2224.840496611595,
	"SimCLR v2 ResNet101 2x raw features Jensen-Shannon": 2290.068625998497
}