{
	"SimCLR v2 ResNet50 2x raw features Jensen-Shannon": 2359.877502894402,
	"SimCLR v2 ResNet101 2x raw features Jensen-Shannon": 2411.4636224627484
}