{
	"SIFT 30 descriptors": 5.000874042510986,
	"ORB 30 descriptors": 1.2306249141693115,
	"FAST + DAISY 30 descriptors": 5.508048057556152,
	"FAST + LATCH 30 descriptors": 1.3852484226226807,
	"Inception v3 raw features Jensen-Shannon": 1.8393352031707764,
	"EfficientNet B7 raw features Jensen-Shannon": 4.785292625427246,
	"ResNet50 2x raw features Jensen-Shannon": 1.265716552734375,
	"ResNet101 2x raw features Jensen-Shannon": 1.332322359085083,
	"SimCLR v1 ResNet50 2x raw features Jensen-Shannon": 1.3078513145446777,
	"SimCLR v2 ResNet50 2x raw features Jensen-Shannon": 1.400008201599121,
	"SimCLR v2 ResNet101 2x raw features Jensen-Shannon": 1.6385219097137451
}