{
	"Ahash 64 bits": 0.6531715393066406,
	"Ahash 121 bits": 0.6422770023345947,
	"Ahash 169 bits": 0.6464300155639648,
	"Ahash 256 bits": 0.6488909721374512,
	"Dhash 64 bits": 0.6334483623504639,
	"Dhash 121 bits": 0.6400296688079834,
	"Dhash 169 bits": 0.6351189613342285,
	"Dhash 256 bits": 0.638070821762085,
	"Phash 64 bits": 0.7067327499389648,
	"Phash 121 bits": 0.679558515548706,
	"Phash 169 bits": 0.6891849040985107,
	"Phash 256 bits": 0.7012608051300049,
	"Crop resistant hash 64 bits": 45.36149573326111,
	"Crop resistant hash 121 bits": 45.2968909740448,
	"Crop resistant hash 169 bits": 45.044759035110474,
	"Crop resistant hash 256 bits": 45.10039782524109
}