{
	"ResNet50 2x raw features L2": 1.5924699306488037,
	"ResNet50 2x raw features L1": 1.1351373195648193
}