{
	"ResNet50 2x raw features L2": {
		"Threshold 7.000": {
			"accuracy": 0.7167241379310345,
			"precision": 1.0,
			"recall": 0.43344827586206897,
			"fpr": 0.0
		},
		"Threshold 8.105": {
			"accuracy": 0.7532758620689655,
			"precision": 0.9993201903467029,
			"recall": 0.506896551724138,
			"fpr": 0.0003448275862068965
		},
		"Threshold 9.211": {
			"accuracy": 0.7870689655172414,
			"precision": 0.9897058823529412,
			"recall": 0.5801724137931035,
			"fpr": 0.00603448275862069
		},
		"Threshold 10.316": {
			"accuracy": 0.815948275862069,
			"precision": 0.9821099710602473,
			"recall": 0.6436206896551724,
			"fpr": 0.011724137931034483
		},
		"Threshold 11.421": {
			"accuracy": 0.8350862068965518,
			"precision": 0.9593476719451667,
			"recall": 0.6998275862068966,
			"fpr": 0.029655172413793104
		},
		"Threshold 12.526": {
			"accuracy": 0.8506034482758621,
			"precision": 0.9359056806002144,
			"recall": 0.7527586206896552,
			"fpr": 0.051551724137931035
		},
		"Threshold 13.632": {
			"accuracy": 0.8542241379310345,
			"precision": 0.9033968191635579,
			"recall": 0.7932758620689655,
			"fpr": 0.08482758620689655
		},
		"Threshold 14.737": {
			"accuracy": 0.8458620689655172,
			"precision": 0.8523006673691605,
			"recall": 0.8367241379310345,
			"fpr": 0.145
		},
		"Threshold 15.842": {
			"accuracy": 0.8291379310344827,
			"precision": 0.8021525799303577,
			"recall": 0.8737931034482759,
			"fpr": 0.21551724137931033
		},
		"Threshold 16.947": {
			"accuracy": 0.8001724137931034,
			"precision": 0.7488564894225271,
			"recall": 0.9032758620689655,
			"fpr": 0.3029310344827586
		},
		"Threshold 18.053": {
			"accuracy": 0.7620689655172413,
			"precision": 0.6965347814843548,
			"recall": 0.9287931034482758,
			"fpr": 0.4046551724137931
		},
		"Threshold 19.158": {
			"accuracy": 0.7189655172413794,
			"precision": 0.6500118119536972,
			"recall": 0.9487931034482758,
			"fpr": 0.5108620689655172
		},
		"Threshold 20.263": {
			"accuracy": 0.666896551724138,
			"precision": 0.6043778304938537,
			"recall": 0.9663793103448276,
			"fpr": 0.6325862068965518
		},
		"Threshold 21.368": {
			"accuracy": 0.6207758620689655,
			"precision": 0.5702255639097744,
			"recall": 0.9806896551724138,
			"fpr": 0.7391379310344828
		},
		"Threshold 22.474": {
			"accuracy": 0.5798275862068966,
			"precision": 0.5439112291350531,
			"recall": 0.9887931034482759,
			"fpr": 0.8291379310344827
		},
		"Threshold 23.579": {
			"accuracy": 0.5466379310344828,
			"precision": 0.5246065678158829,
			"recall": 0.9943103448275862,
			"fpr": 0.9010344827586206
		},
		"Threshold 24.684": {
			"accuracy": 0.5242241379310345,
			"precision": 0.5124479489678391,
			"recall": 0.9972413793103448,
			"fpr": 0.9487931034482758
		},
		"Threshold 25.789": {
			"accuracy": 0.5116379310344827,
			"precision": 0.5058946816871889,
			"recall": 0.9987931034482759,
			"fpr": 0.9755172413793104
		},
		"Threshold 26.895": {
			"accuracy": 0.5063793103448276,
			"precision": 0.5032106907323846,
			"recall": 0.9998275862068966,
			"fpr": 0.9870689655172413
		},
		"Threshold 28.000": {
			"accuracy": 0.5045689655172414,
			"precision": 0.502294968390058,
			"recall": 1.0,
			"fpr": 0.9908620689655172
		}
	},
	"ResNet50 2x raw features L1": {
		"Threshold 200.000": {
			"accuracy": 0.7344827586206897,
			"precision": 0.9988994864269992,
			"recall": 0.46948275862068967,
			"fpr": 0.0005172413793103448
		},
		"Threshold 231.579": {
			"accuracy": 0.7696551724137931,
			"precision": 0.986318407960199,
			"recall": 0.546896551724138,
			"fpr": 0.007586206896551724
		},
		"Threshold 263.158": {
			"accuracy": 0.8046551724137931,
			"precision": 0.9812091503267973,
			"recall": 0.6212068965517241,
			"fpr": 0.01189655172413793
		},
		"Threshold 294.737": {
			"accuracy": 0.8275862068965517,
			"precision": 0.9602713178294574,
			"recall": 0.6834482758620689,
			"fpr": 0.028275862068965516
		},
		"Threshold 326.316": {
			"accuracy": 0.8414655172413793,
			"precision": 0.9300760043431053,
			"recall": 0.738448275862069,
			"fpr": 0.05551724137931034
		},
		"Threshold 357.895": {
			"accuracy": 0.840948275862069,
			"precision": 0.8860042943587741,
			"recall": 0.7825862068965517,
			"fpr": 0.1006896551724138
		},
		"Threshold 389.474": {
			"accuracy": 0.8244827586206896,
			"precision": 0.82381280110117,
			"recall": 0.8255172413793104,
			"fpr": 0.17655172413793102
		},
		"Threshold 421.053": {
			"accuracy": 0.7987931034482758,
			"precision": 0.7636944613511869,
			"recall": 0.8653448275862069,
			"fpr": 0.26775862068965517
		},
		"Threshold 452.632": {
			"accuracy": 0.770603448275862,
			"precision": 0.715324461517355,
			"recall": 0.8989655172413793,
			"fpr": 0.3577586206896552
		},
		"Threshold 484.211": {
			"accuracy": 0.7363793103448276,
			"precision": 0.6720632530120482,
			"recall": 0.9232758620689655,
			"fpr": 0.4505172413793103
		},
		"Threshold 515.789": {
			"accuracy": 0.7076724137931034,
			"precision": 0.6410256410256411,
			"recall": 0.9439655172413793,
			"fpr": 0.5286206896551724
		},
		"Threshold 547.368": {
			"accuracy": 0.6712931034482759,
			"precision": 0.6080478520935291,
			"recall": 0.9639655172413794,
			"fpr": 0.6213793103448276
		},
		"Threshold 578.947": {
			"accuracy": 0.6282758620689655,
			"precision": 0.5756097560975609,
			"recall": 0.976551724137931,
			"fpr": 0.72
		},
		"Threshold 610.526": {
			"accuracy": 0.585,
			"precision": 0.5471229210476009,
			"recall": 0.9868965517241379,
			"fpr": 0.8168965517241379
		},
		"Threshold 642.105": {
			"accuracy": 0.545344827586207,
			"precision": 0.5239134388070559,
			"recall": 0.993448275862069,
			"fpr": 0.9027586206896552
		},
		"Threshold 673.684": {
			"accuracy": 0.5172413793103449,
			"precision": 0.5087966220971147,
			"recall": 0.9972413793103448,
			"fpr": 0.9627586206896551
		},
		"Threshold 705.263": {
			"accuracy": 0.5047413793103448,
			"precision": 0.5023852892705352,
			"recall": 0.9986206896551724,
			"fpr": 0.9891379310344828
		},
		"Threshold 736.842": {
			"accuracy": 0.5014655172413793,
			"precision": 0.5007342143906021,
			"recall": 0.9994827586206897,
			"fpr": 0.996551724137931
		},
		"Threshold 768.421": {
			"accuracy": 0.5002586206896552,
			"precision": 0.5001293661060802,
			"recall": 0.9998275862068966,
			"fpr": 0.9993103448275862
		},
		"Threshold 800.000": {
			"accuracy": 0.5,
			"precision": 0.5,
			"recall": 1.0,
			"fpr": 1.0
		}
	}
}