{
	"ResNet50 2x raw features L2": 44.93019423484802,
	"ResNet50 2x raw features L1": 44.557459533214555
}