{
	"SIFT 30 descriptors": 245.10234003067018,
	"SIFT 100 descriptors": 375.42619876861573,
	"SIFT 200 descriptors": 675.8348863244057,
	"SIFT 300 descriptors": 1097.7773015379908,
	"ORB 30 descriptors": 76.1386106133461,
	"ORB 100 descriptors": 169.272563457489,
	"ORB 200 descriptors": 365.0144393086433,
	"ORB 300 descriptors": 634.5866628170013,
	"FAST + DAISY 30 descriptors": 243.210999917984,
	"FAST + DAISY 100 descriptors": 419.828428196907,
	"FAST + DAISY 200 descriptors": 857.480314064026,
	"FAST + DAISY 300 descriptors": 1518.3834007024766,
	"FAST + LATCH 30 descriptors": 83.98945608139037,
	"FAST + LATCH 100 descriptors": 194.8159162044525,
	"FAST + LATCH 200 descriptors": 415.9896310567856,
	"FAST + LATCH 300 descriptors": 710.4705866217613
}