{
	"SimCLR v1 ResNet50 1x raw features Jensen-Shannon": {
		"Threshold 0.000": {
			"accuracy": 0.5012068965517241,
			"precision": 1.0,
			"recall": 0.002413793103448276,
			"fpr": 0.0
		},
		"Threshold 0.042": {
			"accuracy": 0.5393965517241379,
			"precision": 1.0,
			"recall": 0.07879310344827586,
			"fpr": 0.0
		},
		"Threshold 0.084": {
			"accuracy": 0.6370689655172413,
			"precision": 1.0,
			"recall": 0.27413793103448275,
			"fpr": 0.0
		},
		"Threshold 0.126": {
			"accuracy": 0.6796551724137931,
			"precision": 1.0,
			"recall": 0.3593103448275862,
			"fpr": 0.0
		},
		"Threshold 0.168": {
			"accuracy": 0.7148275862068966,
			"precision": 1.0,
			"recall": 0.4296551724137931,
			"fpr": 0.0
		},
		"Threshold 0.211": {
			"accuracy": 0.7478448275862069,
			"precision": 1.0,
			"recall": 0.4956896551724138,
			"fpr": 0.0
		},
		"Threshold 0.253": {
			"accuracy": 0.7796551724137931,
			"precision": 1.0,
			"recall": 0.5593103448275862,
			"fpr": 0.0
		},
		"Threshold 0.295": {
			"accuracy": 0.8146551724137931,
			"precision": 1.0,
			"recall": 0.6293103448275862,
			"fpr": 0.0
		},
		"Threshold 0.337": {
			"accuracy": 0.8477586206896551,
			"precision": 0.9972879684418146,
			"recall": 0.6974137931034483,
			"fpr": 0.001896551724137931
		},
		"Threshold 0.379": {
			"accuracy": 0.8766379310344827,
			"precision": 0.9899080511325409,
			"recall": 0.7610344827586207,
			"fpr": 0.007758620689655172
		},
		"Threshold 0.421": {
			"accuracy": 0.901896551724138,
			"precision": 0.9757142857142858,
			"recall": 0.8243103448275862,
			"fpr": 0.020517241379310346
		},
		"Threshold 0.463": {
			"accuracy": 0.9081034482758621,
			"precision": 0.9327239488117002,
			"recall": 0.8796551724137931,
			"fpr": 0.06344827586206897
		},
		"Threshold 0.505": {
			"accuracy": 0.8756896551724138,
			"precision": 0.8406816760475297,
			"recall": 0.9270689655172414,
			"fpr": 0.1756896551724138
		},
		"Threshold 0.547": {
			"accuracy": 0.7622413793103449,
			"precision": 0.6881028938906752,
			"recall": 0.9593103448275863,
			"fpr": 0.43482758620689654
		},
		"Threshold 0.589": {
			"accuracy": 0.6130172413793104,
			"precision": 0.5651396203915333,
			"recall": 0.9805172413793104,
			"fpr": 0.7544827586206897
		},
		"Threshold 0.632": {
			"accuracy": 0.5337068965517241,
			"precision": 0.5175414984297891,
			"recall": 0.9944827586206897,
			"fpr": 0.9270689655172414
		},
		"Threshold 0.674": {
			"accuracy": 0.5018103448275862,
			"precision": 0.5009068140599361,
			"recall": 1.0,
			"fpr": 0.9963793103448276
		},
		"Threshold 0.716": {
			"accuracy": 0.5002586206896552,
			"precision": 0.5001293437958093,
			"recall": 1.0,
			"fpr": 0.9994827586206897
		},
		"Threshold 0.758": {
			"accuracy": 0.5,
			"precision": 0.5,
			"recall": 1.0,
			"fpr": 1.0
		},
		"Threshold 0.800": {
			"accuracy": 0.5,
			"precision": 0.5,
			"recall": 1.0,
			"fpr": 1.0
		}
	},
	"SimCLR v1 ResNet50 2x raw features Jensen-Shannon": {
		"Threshold 0.000": {
			"accuracy": 0.5012068965517241,
			"precision": 1.0,
			"recall": 0.002413793103448276,
			"fpr": 0.0
		},
		"Threshold 0.042": {
			"accuracy": 0.5213793103448275,
			"precision": 1.0,
			"recall": 0.04275862068965517,
			"fpr": 0.0
		},
		"Threshold 0.084": {
			"accuracy": 0.6145689655172414,
			"precision": 1.0,
			"recall": 0.22913793103448277,
			"fpr": 0.0
		},
		"Threshold 0.126": {
			"accuracy": 0.6656896551724137,
			"precision": 1.0,
			"recall": 0.3313793103448276,
			"fpr": 0.0
		},
		"Threshold 0.168": {
			"accuracy": 0.6919827586206897,
			"precision": 1.0,
			"recall": 0.3839655172413793,
			"fpr": 0.0
		},
		"Threshold 0.211": {
			"accuracy": 0.720948275862069,
			"precision": 1.0,
			"recall": 0.44189655172413794,
			"fpr": 0.0
		},
		"Threshold 0.253": {
			"accuracy": 0.7514655172413793,
			"precision": 1.0,
			"recall": 0.5029310344827587,
			"fpr": 0.0
		},
		"Threshold 0.295": {
			"accuracy": 0.776551724137931,
			"precision": 1.0,
			"recall": 0.5531034482758621,
			"fpr": 0.0
		},
		"Threshold 0.337": {
			"accuracy": 0.8093965517241379,
			"precision": 1.0,
			"recall": 0.6187931034482759,
			"fpr": 0.0
		},
		"Threshold 0.379": {
			"accuracy": 0.8417241379310345,
			"precision": 1.0,
			"recall": 0.6834482758620689,
			"fpr": 0.0
		},
		"Threshold 0.421": {
			"accuracy": 0.8677586206896551,
			"precision": 0.9867640346873574,
			"recall": 0.7455172413793103,
			"fpr": 0.01
		},
		"Threshold 0.463": {
			"accuracy": 0.8978448275862069,
			"precision": 0.9838540574543929,
			"recall": 0.8089655172413793,
			"fpr": 0.013275862068965517
		},
		"Threshold 0.505": {
			"accuracy": 0.9170689655172414,
			"precision": 0.9662683114880494,
			"recall": 0.8643103448275862,
			"fpr": 0.03017241379310345
		},
		"Threshold 0.547": {
			"accuracy": 0.9138793103448276,
			"precision": 0.9139506811519228,
			"recall": 0.9137931034482759,
			"fpr": 0.08603448275862069
		},
		"Threshold 0.589": {
			"accuracy": 0.8724137931034482,
			"precision": 0.8223880597014925,
			"recall": 0.95,
			"fpr": 0.20517241379310344
		},
		"Threshold 0.632": {
			"accuracy": 0.7600862068965517,
			"precision": 0.6823842340708499,
			"recall": 0.973103448275862,
			"fpr": 0.4529310344827586
		},
		"Threshold 0.674": {
			"accuracy": 0.6155172413793103,
			"precision": 0.5663103721298496,
			"recall": 0.986551724137931,
			"fpr": 0.7555172413793103
		},
		"Threshold 0.716": {
			"accuracy": 0.5286206896551724,
			"precision": 0.5147792022792023,
			"recall": 0.9968965517241379,
			"fpr": 0.9396551724137931
		},
		"Threshold 0.758": {
			"accuracy": 0.5013793103448276,
			"precision": 0.5006906077348067,
			"recall": 1.0,
			"fpr": 0.9972413793103448
		},
		"Threshold 0.800": {
			"accuracy": 0.5,
			"precision": 0.5,
			"recall": 1.0,
			"fpr": 1.0
		}
	},
	"SimCLR v1 ResNet50 4x raw features Jensen-Shannon": {
		"Threshold 0.000": {
			"accuracy": 0.5012068965517241,
			"precision": 1.0,
			"recall": 0.002413793103448276,
			"fpr": 0.0
		},
		"Threshold 0.042": {
			"accuracy": 0.5141379310344828,
			"precision": 1.0,
			"recall": 0.028275862068965516,
			"fpr": 0.0
		},
		"Threshold 0.084": {
			"accuracy": 0.5985344827586206,
			"precision": 1.0,
			"recall": 0.19706896551724137,
			"fpr": 0.0
		},
		"Threshold 0.126": {
			"accuracy": 0.6546551724137931,
			"precision": 1.0,
			"recall": 0.3093103448275862,
			"fpr": 0.0
		},
		"Threshold 0.168": {
			"accuracy": 0.6822413793103448,
			"precision": 1.0,
			"recall": 0.36448275862068963,
			"fpr": 0.0
		},
		"Threshold 0.211": {
			"accuracy": 0.7038793103448275,
			"precision": 1.0,
			"recall": 0.4077586206896552,
			"fpr": 0.0
		},
		"Threshold 0.253": {
			"accuracy": 0.7275,
			"precision": 1.0,
			"recall": 0.455,
			"fpr": 0.0
		},
		"Threshold 0.295": {
			"accuracy": 0.753448275862069,
			"precision": 1.0,
			"recall": 0.506896551724138,
			"fpr": 0.0
		},
		"Threshold 0.337": {
			"accuracy": 0.7749137931034483,
			"precision": 1.0,
			"recall": 0.5498275862068965,
			"fpr": 0.0
		},
		"Threshold 0.379": {
			"accuracy": 0.7993965517241379,
			"precision": 1.0,
			"recall": 0.5987931034482759,
			"fpr": 0.0
		},
		"Threshold 0.421": {
			"accuracy": 0.8323275862068965,
			"precision": 1.0,
			"recall": 0.6646551724137931,
			"fpr": 0.0
		},
		"Threshold 0.463": {
			"accuracy": 0.8572413793103448,
			"precision": 0.9928639391056137,
			"recall": 0.7196551724137931,
			"fpr": 0.005172413793103448
		},
		"Threshold 0.505": {
			"accuracy": 0.8821551724137932,
			"precision": 0.9853295379899277,
			"recall": 0.7758620689655172,
			"fpr": 0.011551724137931034
		},
		"Threshold 0.547": {
			"accuracy": 0.9077586206896552,
			"precision": 0.9762384212645993,
			"recall": 0.8358620689655173,
			"fpr": 0.020344827586206895
		},
		"Threshold 0.589": {
			"accuracy": 0.9186206896551724,
			"precision": 0.9518049869743208,
			"recall": 0.881896551724138,
			"fpr": 0.044655172413793104
		},
		"Threshold 0.632": {
			"accuracy": 0.9126724137931035,