{
	"SIFT 20 descriptors": 7.166807651519775,
	"SIFT 30 descriptors": 7.445571660995483,
	"SIFT 40 descriptors": 7.586215496063232
}