{
	"SIFT 20 descriptors": 7.390312910079956,
	"SIFT 30 descriptors": 7.4277520179748535,
	"SIFT 40 descriptors": 7.568699836730957
}