{
	"SIFT 20 descriptors": {
		"Threshold 100.000": {
			"accuracy": 0.881551724137931,
			"precision": 0.9507128309572301,
			"recall": 0.8048275862068965,
			"fpr": 0.04172413793103448
		},
		"Threshold 144.444": {
			"accuracy": 0.8044827586206896,
			"precision": 0.7716087357736081,
			"recall": 0.865,
			"fpr": 0.2560344827586207
		},
		"Threshold 188.889": {
			"accuracy": 0.6393965517241379,
			"precision": 0.5905476537126217,
			"recall": 0.9091379310344827,
			"fpr": 0.6303448275862069
		},
		"Threshold 233.333": {
			"accuracy": 0.5160344827586207,
			"precision": 0.5082549263270016,
			"recall": 0.9872413793103448,
			"fpr": 0.9551724137931035
		},
		"Threshold 277.778": {
			"accuracy": 0.4999137931034483,
			"precision": 0.499956870525317,
			"recall": 0.9993103448275862,
			"fpr": 0.9994827586206897
		},
		"Threshold 322.222": {
			"accuracy": 0.5,
			"precision": 0.5,
			"recall": 1.0,
			"fpr": 1.0
		},
		"Threshold 366.667": {
			"accuracy": 0.5,
			"precision": 0.5,
			"recall": 1.0,
			"fpr": 1.0
		},
		"Threshold 411.111": {
			"accuracy": 0.5,
			"precision": 0.5,
			"recall": 1.0,
			"fpr": 1.0
		},
		"Threshold 455.556": {
			"accuracy": 0.5,
			"precision": 0.5,
			"recall": 1.0,
			"fpr": 1.0
		},
		"Threshold 500.000": {
			"accuracy": 0.5,
			"precision": 0.5,
			"recall": 1.0,
			"fpr": 1.0
		}
	},
	"SIFT 30 descriptors": {
		"Threshold 100.000": {
			"accuracy": 0.8848275862068965,
			"precision": 0.9295612009237876,
			"recall": 0.8327586206896552,
			"fpr": 0.06310344827586208
		},
		"Threshold 144.444": {
			"accuracy": 0.770603448275862,
			"precision": 0.717291983940191,
			"recall": 0.8932758620689655,
			"fpr": 0.3520689655172414
		},
		"Threshold 188.889": {
			"accuracy": 0.5864655172413793,
			"precision": 0.5514834205933682,
			"recall": 0.9262068965517242,
			"fpr": 0.7532758620689655
		},
		"Threshold 233.333": {
			"accuracy": 0.5055172413793103,
			"precision": 0.5027903732124172,
			"recall": 0.9941379310344828,
			"fpr": 0.983103448275862
		},
		"Threshold 277.778": {
			"accuracy": 0.5,
			"precision": 0.5,
			"recall": 1.0,
			"fpr": 1.0
		},
		"Threshold 322.222": {
			"accuracy": 0.5,
			"precision": 0.5,
			"recall": 1.0,
			"fpr": 1.0
		},
		"Threshold 366.667": {
			"accuracy": 0.5,
			"precision": 0.5,
			"recall": 1.0,
			"fpr": 1.0
		},
		"Threshold 411.111": {
			"accuracy": 0.5,
			"precision": 0.5,
			"recall": 1.0,
			"fpr": 1.0
		},
		"Threshold 455.556": {
			"accuracy": 0.5,
			"precision": 0.5,
			"recall": 1.0,
			"fpr": 1.0
		},
		"Threshold 500.000": {
			"accuracy": 0.5,
			"precision": 0.5,
			"recall": 1.0,
			"fpr": 1.0
		}
	},
	"SIFT 40 descriptors": {
		"Threshold 100.000": {
			"accuracy": 0.8842241379310345,
			"precision": 0.9032024606477294,
			"recall": 0.8606896551724138,
			"fpr": 0.09224137931034483
		},
		"Threshold 144.444": {
			"accuracy": 0.7387931034482759,
			"precision": 0.6774730907227063,
			"recall": 0.9115517241379311,
			"fpr": 0.43396551724137933
		},
		"Threshold 188.889": {
			"accuracy": 0.555,
			"precision": 0.5310613437195716,
			"recall": 0.9403448275862069,
			"fpr": 0.8303448275862069
		},
		"Threshold 233.333": {
			"accuracy": 0.5013793103448276,
			"precision": 0.5006927606511951,
			"recall": 0.9968965517241379,
			"fpr": 0.9941379310344828
		},
		"Threshold 277.778": {
			"accuracy": 0.5,
			"precision": 0.5,
			"recall": 1.0,
			"fpr": 1.0
		},
		"Threshold 322.222": {
			"accuracy": 0.5,
			"precision": 0.5,
			"recall": 1.0,
			"fpr": 1.0
		},
		"Threshold 366.667": {
			"accuracy": 0.5,
			"precision": 0.5,
			"recall": 1.0,
			"fpr": 1.0
		},
		"Threshold 411.111": {
			"accuracy": 0.5,
			"precision": 0.5,
			"recall": 1.0,
			"fpr": 1.0
		},
		"Threshold 455.556": {
			"accuracy": 0.5,
			"precision": 0.5,
			"recall": 1.0,
			"fpr": 1.0
		},
		"Threshold 500.000": {
			"accuracy": 0.5,
			"precision": 0.5,
			"recall": 1.0,
			"fpr": 1.0
		}
	}
}