{
	"SIFT 20 descriptors": 310.10229976177214,
	"SIFT 30 descriptors": 323.55997054576875,
	"SIFT 40 descriptors": 334.42980108261105
}