{
	"SIFT 20 descriptors": 307.3532833814621,
	"SIFT 30 descriptors": 319.7957220554352,
	"SIFT 40 descriptors": 329.69720892906184
}