{
	"FAST + DAISY 40 descriptors": 7.9141786098480225,
	"FAST + LATCH 40 descriptors": 1.4895009994506836
}