{
	"FAST + DAISY 40 descriptors": 7.865594148635864,
	"FAST + LATCH 40 descriptors": 1.496593713760376
}