{
	"FAST + DAISY 40 descriptors": 7.9032886028289795,
	"FAST + LATCH 40 descriptors": 1.4887747764587402
}