{
	"FAST + DAISY 40 descriptors": {
		"Threshold 0.000": {
			"accuracy": 0.5120689655172413,
			"precision": 1.0,
			"recall": 0.02413793103448276,
			"fpr": 0.0
		},
		"Threshold 0.089": {
			"accuracy": 0.7108620689655173,
			"precision": 0.6643817204301076,
			"recall": 0.8522413793103448,
			"fpr": 0.43051724137931036
		},
		"Threshold 0.178": {
			"accuracy": 0.5009482758620689,
			"precision": 0.5005021455309048,
			"recall": 0.9451724137931035,
			"fpr": 0.9432758620689655
		},
		"Threshold 0.267": {
			"accuracy": 0.4991379310344828,
			"precision": 0.49956521739130433,
			"recall": 0.9905172413793103,
			"fpr": 0.9922413793103448
		},
		"Threshold 0.356": {
			"accuracy": 0.5,
			"precision": 0.5,
			"recall": 1.0,
			"fpr": 1.0
		},
		"Threshold 0.444": {
			"accuracy": 0.5,
			"precision": 0.5,
			"recall": 1.0,
			"fpr": 1.0
		},
		"Threshold 0.533": {
			"accuracy": 0.5,
			"precision": 0.5,
			"recall": 1.0,
			"fpr": 1.0
		},
		"Threshold 0.622": {
			"accuracy": 0.5,
			"precision": 0.5,
			"recall": 1.0,
			"fpr": 1.0
		},
		"Threshold 0.711": {
			"accuracy": 0.5,
			"precision": 0.5,
			"recall": 1.0,
			"fpr": 1.0
		},
		"Threshold 0.800": {
			"accuracy": 0.5,
			"precision": 0.5,
			"recall": 1.0,
			"fpr": 1.0
		}
	},
	"FAST + LATCH 40 descriptors": {
		"Threshold 0.000": {
			"accuracy": 0.615,
			"precision": 1.0,
			"recall": 0.23,
			"fpr": 0.0
		},
		"Threshold 0.044": {
			"accuracy": 0.7419827586206896,
			"precision": 1.0,
			"recall": 0.4839655172413793,
			"fpr": 0.0
		},
		"Threshold 0.089": {
			"accuracy": 0.8104310344827587,
			"precision": 1.0,
			"recall": 0.6208620689655172,
			"fpr": 0.0
		},
		"Threshold 0.133": {
			"accuracy": 0.8554310344827586,
			"precision": 1.0,
			"recall": 0.7108620689655173,
			"fpr": 0.0
		},
		"Threshold 0.178": {
			"accuracy": 0.8766379310344827,
			"precision": 0.9892497200447928,
			"recall": 0.761551724137931,
			"fpr": 0.008275862068965517
		},
		"Threshold 0.222": {
			"accuracy": 0.8346551724137931,
			"precision": 0.8496037463976945,
			"recall": 0.8132758620689655,
			"fpr": 0.14396551724137932
		},
		"Threshold 0.267": {
			"accuracy": 0.6432758620689655,
			"precision": 0.594798083504449,
			"recall": 0.8989655172413793,
			"fpr": 0.6124137931034482
		},
		"Threshold 0.311": {
			"accuracy": 0.5066379310344827,
			"precision": 0.5034025629695095,
			"recall": 0.9820689655172414,
			"fpr": 0.9687931034482758
		},
		"Threshold 0.356": {
			"accuracy": 0.5,
			"precision": 0.5,
			"recall": 1.0,
			"fpr": 1.0
		},
		"Threshold 0.400": {
			"accuracy": 0.5,
			"precision": 0.5,
			"recall": 1.0,
			"fpr": 1.0
		}
	}
}