{
	"FAST + DAISY 40 descriptors": {
		"Threshold 0.000": {
			"accuracy": 0.5120689655172413,
			"precision": 1.0,
			"recall": 0.02413793103448276,
			"fpr": 0.0
		},
		"Threshold 0.021": {
			"accuracy": 0.6494827586206896,
			"precision": 1.0,
			"recall": 0.2989655172413793,
			"fpr": 0.0
		},
		"Threshold 0.042": {
			"accuracy": 0.7403448275862069,
			"precision": 0.9790378006872852,
			"recall": 0.4912068965517241,
			"fpr": 0.010517241379310345
		},
		"Threshold 0.063": {
			"accuracy": 0.7846551724137931,
			"precision": 0.8688561215370867,
			"recall": 0.6705172413793103,
			"fpr": 0.10120689655172414
		},
		"Threshold 0.084": {
			"accuracy": 0.7300862068965517,
			"precision": 0.6926519416774939,
			"recall": 0.8272413793103448,
			"fpr": 0.3670689655172414
		},
		"Threshold 0.105": {
			"accuracy": 0.6157758620689655,
			"precision": 0.5726495726495726,
			"recall": 0.9125862068965517,
			"fpr": 0.6810344827586207
		},
		"Threshold 0.126": {
			"accuracy": 0.5445689655172414,
			"precision": 0.5248964653760956,
			"recall": 0.9396551724137931,
			"fpr": 0.8505172413793104
		},
		"Threshold 0.147": {
			"accuracy": 0.5144827586206897,
			"precision": 0.5077893175074184,
			"recall": 0.9441379310344827,
			"fpr": 0.9151724137931034
		},
		"Threshold 0.168": {
			"accuracy": 0.5024137931034482,
			"precision": 0.5012808783165599,
			"recall": 0.9446551724137932,
			"fpr": 0.9398275862068965
		},
		"Threshold 0.189": {
			"accuracy": 0.5000862068965517,
			"precision": 0.5000455580865604,
			"recall": 0.9462068965517242,
			"fpr": 0.9460344827586207
		},
		"Threshold 0.211": {
			"accuracy": 0.49974137931034485,
			"precision": 0.49986387149469097,
			"recall": 0.9496551724137932,
			"fpr": 0.9501724137931035
		},
		"Threshold 0.232": {
			"accuracy": 0.4999137931034483,
			"precision": 0.4999551609721101,
			"recall": 0.9612068965517241,
			"fpr": 0.9613793103448276
		},
		"Threshold 0.253": {
			"accuracy": 0.4987931034482759,
			"precision": 0.4993844530425607,
			"recall": 0.9791379310344828,
			"fpr": 0.981551724137931
		},
		"Threshold 0.274": {
			"accuracy": 0.4999137931034483,
			"precision": 0.4999566837044096,
			"recall": 0.995,
			"fpr": 0.9951724137931034
		},
		"Threshold 0.295": {
			"accuracy": 0.5002586206896552,
			"precision": 0.5001295224937398,
			"recall": 0.9986206896551724,
			"fpr": 0.9981034482758621
		},
		"Threshold 0.316": {
			"accuracy": 0.49974137931034485,
			"precision": 0.49987065620419074,
			"recall": 0.9994827586206897,
			"fpr": 1.0
		},
		"Threshold 0.337": {
			"accuracy": 0.5,
			"precision": 0.5,
			"recall": 1.0,
			"fpr": 1.0
		},
		"Threshold 0.358": {
			"accuracy": 0.5,
			"precision": 0.5,
			"recall": 1.0,
			"fpr": 1.0
		},
		"Threshold 0.379": {
			"accuracy": 0.5,
			"precision": 0.5,
			"recall": 1.0,
			"fpr": 1.0
		},
		"Threshold 0.400": {
			"accuracy": 0.5,
			"precision": 0.5,
			"recall": 1.0,
			"fpr": 1.0
		}
	},
	"FAST + LATCH 40 descriptors": {
		"Threshold 0.000": {
			"accuracy": 0.615,
			"precision": 1.0,
			"recall": 0.23,
			"fpr": 0.0
		},
		"Threshold 0.021": {
			"accuracy": 0.6842241379310345,
			"precision": 1.0,
			"recall": 0.36844827586206896,
			"fpr": 0.0
		},
		"Threshold 0.042": {
			"accuracy": 0.7320689655172414,
			"precision": 1.0,
			"recall": 0.46413793103448275,
			"fpr": 0.0
		},
		"Threshold 0.063": {
			"accuracy": 0.7786206896551724,
			"precision": 1.0,
			"recall": 0.5572413793103448,
			"fpr": 0.0
		},
		"Threshold 0.084": {
			"accuracy": 0.8051724137931034,
			"precision": 1.0,
			"recall": 0.6103448275862069,
			"fpr": 0.0
		},
		"Threshold 0.105": {
			"accuracy": 0.8277586206896552,
			"precision": 1.0,
			"recall": 0.6555172413793103,
			"fpr": 0.0
		},
		"Threshold 0.126": {
			"accuracy": 0.8498275862068966,
			"precision": 1.0,
			"recall": 0.6996551724137932,
			"fpr": 0.0
		},
		"Threshold 0.147": {
			"accuracy": 0.8635344827586207,
			"precision": 0.9997629770087698,
			"recall": 0.7272413793103448,
			"fpr": 0.00017241379310344826
		},
		"Threshold 0.168": {
			"accuracy": 0.8753448275862069,
			"precision": 0.9963520291837665,
			"recall": 0.753448275862069,
			"fpr": 0.002758620689655172
		},
		"Threshold 0.189": {
			"accuracy": 0.8755172413793103,
			"precision": 0.9702072538860104,
			"recall": 0.7748275862068965,
			"fpr": 0.02379310344827586
		},
		"Threshold 0.211": {
			"accuracy": 0.8528448275862069,
			"precision": 0.8962245885769603,
			"recall": 0.7981034482758621,
			"fpr": 0.09241379310344827
		},
		"Threshold 0.232": {
			"accuracy": 0.8088793103448276,
			"precision": 0.7959689410209814,
			"recall": 0.8306896551724138,
			"fpr": 0.21293103448275863
		},
		"Threshold 0.253": {
			"accuracy": 0.7287931034482759,
			"precision": 0.6791306695464363,
			"recall": 0.8674137931034482,
			"fpr": 0.4098275862068966
		},
		"Threshold 0.274": {
			"accuracy": 0.6058620689655172,
			"precision": 0.5652636054421769,
			"recall": 0.916896551724138,
			"fpr": 0.7051724137931035
		},
		"Threshold 0.295": {
			"accuracy": 0.5272413793103449,
			"precision": 0.5146649341006125,
			"recall": 0.9560344827586207,
			"fpr": 0.901551724137931
		},
		"Threshold 0.316": {
			"accuracy": 0.5038793103448276,
			"precision": 0.5019738573559084,
			"recall": 0.986551724137931,
			"fpr": 0.9787931034482759
		},
		"Threshold 0.337": {
			"accuracy": 0.5002586206896552,
			"precision": 0.500129433083096,
			"recall": 0.9993103448275862,
			"fpr": 0.9987931034482759
		},
		"Threshold 0.358": {
			"accuracy": 0.5,
			"precision": 0.5,
			"recall": 1.0,
			"fpr": 1.0
		},
		"Threshold 0.379": {
			"accuracy": 0.5,
			"precision": 0.5,
			"recall": 1.0,
			"fpr": 1.0
		},
		"Threshold 0.400": {
			"accuracy": 0.5,
			"precision": 0.5,
			"recall": 1.0,
			"fpr": 1.0
		}
	}
}