{
	"FAST + DAISY 40 descriptors": 297.16875844001765,
	"FAST + LATCH 40 descriptors": 75.26540486812591
}