{
	"FAST + DAISY 40 descriptors": 296.63945801258086,
	"FAST + LATCH 40 descriptors": 75.55292410850525
}