{
	"FAST + DAISY 40 descriptors": 297.4446990013122,
	"FAST + LATCH 40 descriptors": 75.63121218681334
}