{
	"Ahash 64 bits": 55.06641932725903,
	"Phash 64 bits": 62.23765485286711,
	"Dhash 64 bits": 54.74505940675738,
	"Whash 64 bits": 542.6278367519374,
	"Crop resistant hash 64 bits": 6284.157102561,
	"SIFT 30 descriptors": 1774.4722219586372,
	"ORB 30 descriptors": 319.30437320470816,
	"FAST + DAISY 30 descriptors": 1853.013387393951,
	"FAST + LATCH 30 descriptors": 325.0924004673955,
	"Inception v3 raw features Jensen-Shannon": 246.9210366964342,
	"EfficientNet B7 raw features Jensen-Shannon": 603.5211493134499,
	"ResNet50 2x raw features Jensen-Shannon": 200.65263098478331,
	"ResNet101 2x raw features Jensen-Shannon": 207.26973965168003,
	"SimCLR v1 ResNet50 2x raw features Jensen-Shannon": 219.38875368833536,
	"SimCLR v2 ResNet50 2x raw features Jensen-Shannon": 222.00366297960275,
	"SimCLR v2 ResNet101 2x raw features Jensen-Shannon": 239.77077531814575
}