{
	"ORB 20 features": 2.419477939605713,
	"ORB 30 features": 1.6364150047302246,
	"ORB 40 features": 1.5147449970245361
}