{
	"ORB 20 features": {
		"Threshold 0.000": {
			"accuracy": 0.6218103448275862,
			"precision": 1.0,
			"recall": 0.24362068965517242,
			"fpr": 0.0
		},
		"Threshold 0.044": {
			"accuracy": 0.8306034482758621,
			"precision": 1.0,
			"recall": 0.6612068965517242,
			"fpr": 0.0
		},
		"Threshold 0.089": {
			"accuracy": 0.905603448275862,
			"precision": 0.9943265391889052,
			"recall": 0.8158620689655173,
			"fpr": 0.004655172413793103
		},
		"Threshold 0.133": {
			"accuracy": 0.8862068965517241,
			"precision": 0.8879459646692068,
			"recall": 0.8839655172413793,
			"fpr": 0.11155172413793103
		},
		"Threshold 0.178": {
			"accuracy": 0.6467241379310344,
			"precision": 0.59268133304291,
			"recall": 0.9382758620689655,
			"fpr": 0.6448275862068965
		},
		"Threshold 0.222": {
			"accuracy": 0.5040517241379311,
			"precision": 0.5020561728935165,
			"recall": 0.9893103448275862,
			"fpr": 0.9812068965517241
		},
		"Threshold 0.267": {
			"accuracy": 0.5,
			"precision": 0.5,
			"recall": 1.0,
			"fpr": 1.0
		},
		"Threshold 0.311": {
			"accuracy": 0.5,
			"precision": 0.5,
			"recall": 1.0,
			"fpr": 1.0
		},
		"Threshold 0.356": {
			"accuracy": 0.5,
			"precision": 0.5,
			"recall": 1.0,
			"fpr": 1.0
		},
		"Threshold 0.400": {
			"accuracy": 0.5,
			"precision": 0.5,
			"recall": 1.0,
			"fpr": 1.0
		}
	},
	"ORB 30 features": {
		"Threshold 0.000": {
			"accuracy": 0.6406896551724138,
			"precision": 1.0,
			"recall": 0.2813793103448276,
			"fpr": 0.0
		},
		"Threshold 0.044": {
			"accuracy": 0.846551724137931,
			"precision": 1.0,
			"recall": 0.6931034482758621,
			"fpr": 0.0
		},
		"Threshold 0.089": {
			"accuracy": 0.9155172413793103,
			"precision": 0.9922385620915033,
			"recall": 0.8375862068965517,
			"fpr": 0.006551724137931035
		},
		"Threshold 0.133": {
			"accuracy": 0.853448275862069,
			"precision": 0.8232418795332702,
			"recall": 0.9001724137931034,
			"fpr": 0.19327586206896552
		},
		"Threshold 0.178": {
			"accuracy": 0.5746551724137932,
			"precision": 0.5423844949099452,
			"recall": 0.9553448275862069,
			"fpr": 0.8060344827586207
		},
		"Threshold 0.222": {
			"accuracy": 0.5,
			"precision": 0.5,
			"recall": 0.9960344827586207,
			"fpr": 0.9960344827586207
		},
		"Threshold 0.267": {
			"accuracy": 0.5,
			"precision": 0.5,
			"recall": 1.0,
			"fpr": 1.0
		},
		"Threshold 0.311": {
			"accuracy": 0.5,
			"precision": 0.5,
			"recall": 1.0,
			"fpr": 1.0
		},
		"Threshold 0.356": {
			"accuracy": 0.5,
			"precision": 0.5,
			"recall": 1.0,
			"fpr": 1.0
		},
		"Threshold 0.400": {
			"accuracy": 0.5,
			"precision": 0.5,
			"recall": 1.0,
			"fpr": 1.0
		}
	},
	"ORB 40 features": {
		"Threshold 0.000": {
			"accuracy": 0.6596551724137931,
			"precision": 1.0,
			"recall": 0.3193103448275862,
			"fpr": 0.0
		},
		"Threshold 0.044": {
			"accuracy": 0.8641379310344828,
			"precision": 1.0,
			"recall": 0.7282758620689656,
			"fpr": 0.0
		},
		"Threshold 0.089": {
			"accuracy": 0.9263793103448276,
			"precision": 0.9914546899841018,
			"recall": 0.8601724137931035,
			"fpr": 0.007413793103448276
		},
		"Threshold 0.133": {
			"accuracy": 0.8289655172413793,
			"precision": 0.7805057336077624,
			"recall": 0.9153448275862069,
			"fpr": 0.25741379310344825
		},
		"Threshold 0.178": {
			"accuracy": 0.5389655172413793,
			"precision": 0.5209104367135455,
			"recall": 0.9706896551724138,
			"fpr": 0.8927586206896552
		},
		"Threshold 0.222": {
			"accuracy": 0.5000862068965517,
			"precision": 0.5000431592576607,
			"recall": 0.9987931034482759,
			"fpr": 0.9986206896551724
		},
		"Threshold 0.267": {
			"accuracy": 0.5,
			"precision": 0.5,
			"recall": 1.0,
			"fpr": 1.0
		},
		"Threshold 0.311": {
			"accuracy": 0.5,
			"precision": 0.5,
			"recall": 1.0,
			"fpr": 1.0
		},
		"Threshold 0.356": {
			"accuracy": 0.5,
			"precision": 0.5,
			"recall": 1.0,
			"fpr": 1.0
		},
		"Threshold 0.400": {
			"accuracy": 0.5,
			"precision": 0.5,
			"recall": 1.0,
			"fpr": 1.0
		}
	}
}