{
	"ORB 20 features": 76.81271317005157,
	"ORB 30 features": 86.87603545188904,
	"ORB 40 features": 96.03088340759277
}